Date,HomeTeam,AwayTeam,FTHG,FTAG,FTR,HomeOVA,AwayOVA,OVA_diff,HT_match_played,HT_current_standing,HT_past_standing,HT_past_goal_diff,HT_past_win_rate,HT_goal_for,HT_goal_against,HT_goal_diff,HT_win_rate_season,AT_match_played,AT_current_standing,AT_past_standing,AT_past_goal_diff,AT_past_win_rate,AT_goal_for,AT_goal_against,AT_goal_diff,AT_win_rate_season,HT_3_win_streak,HT_5_win_streak,HT_3_lose_Streak,HT_5_lose_Streak,AT_3_win_streak,AT_5_win_streak,AT_3_lose_Streak,AT_5_lose_Streak,HT_5_win_rate,AT_5_win_rate,current_standing_diff,past_standing_diff,past_goal_diff_diff,past_win_rate_diff,win_rate_season_diff,goal_diff_diff
2018-08-10,Man United,Leicester,2.0,1.0,H,82,78,4,0,0,81,40,0.6578947368421053,0.0,0.0,0.0,,0,0,47,-4,0.3157894736842105,0.0,0.0,0.0,,0,0,0,0,0,0,0,0,,,0,34,44,0.3421052631578948,,0.0
2018-08-11,Newcastle,Tottenham,1.0,2.0,A,77,83,-6,0,0,44,-8,0.3157894736842105,0.0,0.0,0.0,,0,0,77,38,0.6052631578947368,0.0,0.0,0.0,,0,0,0,0,0,0,0,0,,,0,-33,-46,-0.2894736842105263,,0.0
2018-08-11,Fulham,Crystal Palace,0.0,2.0,A,75,77,-2,0,0,-1,-1,0.0,0.0,0.0,0.0,,0,0,44,-10,0.2894736842105263,0.0,0.0,0.0,,0,0,0,0,0,0,0,0,,,0,-45,9,-0.2894736842105263,,0.0
2018-08-11,Huddersfield,Chelsea,0.0,3.0,A,74,83,-9,0,0,37,-30,0.2368421052631579,0.0,0.0,0.0,,0,0,70,24,0.5526315789473685,0.0,0.0,0.0,,0,0,0,0,0,0,0,0,,,0,-33,-54,-0.31578947368421056,,0.0
2018-08-11,Watford,Brighton,2.0,0.0,H,77,76,1,0,0,41,-20,0.2894736842105263,0.0,0.0,0.0,,0,0,40,-20,0.2368421052631579,0.0,0.0,0.0,,0,0,0,0,0,0,0,0,,,0,1,0,0.05263157894736842,,0.0
2018-08-11,Bournemouth,Cardiff,2.0,0.0,H,77,73,4,0,0,44,-16,0.2894736842105263,0.0,0.0,0.0,,0,0,-1,-1,0.0,0.0,0.0,0.0,,0,0,0,0,0,0,0,0,,,0,45,-15,0.2894736842105263,,0.0
2018-08-11,Wolves,Everton,2.0,2.0,D,77,79,-2,0,0,-1,-1,0.0,0.0,0.0,0.0,,0,0,49,-14,0.34210526315789475,0.0,0.0,0.0,,0,0,0,0,0,0,0,0,,,0,-50,13,-0.34210526315789475,,0.0
2018-08-12,Liverpool,West Ham,4.0,0.0,H,83,79,4,0,0,75,46,0.5526315789473685,0.0,0.0,0.0,,0,0,42,-20,0.2631578947368421,0.0,0.0,0.0,,0,0,0,0,0,0,0,0,,,0,33,66,0.2894736842105264,,0.0
2018-08-12,Southampton,Burnley,0.0,0.0,D,76,77,-1,0,0,36,-19,0.18421052631578946,0.0,0.0,0.0,,0,0,54,-3,0.3684210526315789,0.0,0.0,0.0,,0,0,0,0,0,0,0,0,,,0,-18,-16,-0.18421052631578946,,0.0
2018-08-12,Arsenal,Man City,0.0,2.0,A,82,85,-3,0,0,63,23,0.5,0.0,0.0,0.0,,0,0,100,79,0.8421052631578947,0.0,0.0,0.0,,0,0,0,0,0,0,0,0,,,0,-37,-56,-0.3421052631578947,,0.0
2018-08-18,Cardiff,Newcastle,0.0,0.0,D,73,77,-4,1,0,-1,-1,0.0,0.0,2.0,-2.0,0.0,1,0,44,-8,0.3157894736842105,1.0,2.0,-1.0,0.0,0,0,0,0,0,0,0,0,,,0,-45,7,-0.3157894736842105,0.0,-1.0
2018-08-18,Tottenham,Fulham,3.0,1.0,H,83,75,8,1,3,77,38,0.6052631578947368,2.0,1.0,1.0,1.0,1,0,-1,-1,0.0,0.0,2.0,-2.0,0.0,0,0,0,0,0,0,0,0,,,3,78,39,0.6052631578947368,1.0,3.0
2018-08-18,Everton,Southampton,2.0,1.0,H,79,76,3,1,1,49,-14,0.34210526315789475,2.0,2.0,0.0,0.0,1,1,36,-19,0.18421052631578946,0.0,0.0,0.0,0.0,0,0,0,0,0,0,0,0,,,0,13,5,0.15789473684210528,0.0,0.0
2018-08-18,Leicester,Wolves,2.0,0.0,H,78,77,1,1,0,47,-4,0.3157894736842105,1.0,2.0,-1.0,0.0,1,1,-1,-1,0.0,2.0,2.0,0.0,0.0,0,0,0,0,0,0,0,0,,,-1,48,-3,0.3157894736842105,0.0,-1.0
2018-08-18,West Ham,Bournemouth,1.0,2.0,A,79,77,2,1,0,42,-20,0.2631578947368421,0.0,4.0,-4.0,0.0,1,3,44,-16,0.2894736842105263,2.0,0.0,2.0,1.0,0,0,0,0,0,0,0,0,,,-3,-2,-4,-0.026315789473684237,-1.0,-6.0
2018-08-18,Chelsea,Arsenal,3.0,2.0,H,83,82,1,1,3,70,24,0.5526315789473685,3.0,0.0,3.0,1.0,1,0,63,23,0.5,0.0,2.0,-2.0,0.0,0,0,0,0,0,0,0,0,,,3,7,1,0.052631578947368474,1.0,5.0
2018-08-19,Man City,Huddersfield,6.0,1.0,H,85,74,11,1,3,100,79,0.8421052631578947,2.0,0.0,2.0,1.0,1,0,37,-30,0.2368421052631579,0.0,3.0,-3.0,0.0,0,0,0,0,0,0,0,0,,,3,63,109,0.6052631578947367,1.0,5.0
2018-08-19,Burnley,Watford,1.0,3.0,A,77,77,0,1,1,54,-3,0.3684210526315789,0.0,0.0,0.0,0.0,1,3,41,-20,0.2894736842105263,2.0,0.0,2.0,1.0,0,0,0,0,0,0,0,0,,,-2,13,17,0.0789473684210526,-1.0,-2.0
2018-08-19,Brighton,Man United,3.0,2.0,H,76,82,-6,1,0,40,-20,0.2368421052631579,0.0,2.0,-2.0,0.0,1,3,81,40,0.6578947368421053,2.0,1.0,1.0,1.0,0,0,0,0,0,0,0,0,,,-3,-41,-60,-0.4210526315789474,-1.0,-3.0
2018-08-20,Crystal Palace,Liverpool,0.0,2.0,A,77,83,-6,1,3,44,-10,0.2894736842105263,2.0,0.0,2.0,1.0,1,3,75,46,0.5526315789473685,4.0,0.0,4.0,1.0,0,0,0,0,0,0,0,0,,,0,-31,-56,-0.26315789473684215,0.0,-2.0
2018-08-25,Wolves,Man City,1.0,1.0,D,77,85,-8,2,1,-1,-1,0.0,2.0,4.0,-2.0,0.0,2,6,100,79,0.8421052631578947,8.0,1.0,7.0,1.0,0,0,0,0,0,0,0,0,,,-5,-101,-80,-0.8421052631578947,-1.0,-9.0
2018-08-25,Arsenal,West Ham,3.0,1.0,H,82,79,3,2,0,63,23,0.5,2.0,5.0,-3.0,0.0,2,0,42,-20,0.2631578947368421,1.0,6.0,-5.0,0.0,0,0,0,0,0,0,0,0,,,0,21,43,0.2368421052631579,0.0,2.0
2018-08-25,Huddersfield,Cardiff,0.0,0.0,D,74,73,1,2,0,37,-30,0.2368421052631579,1.0,9.0,-8.0,0.0,2,1,-1,-1,0.0,0.0,2.0,-2.0,0.0,0,0,0,0,0,0,0,0,,,-1,38,-29,0.2368421052631579,0.0,-6.0
2018-08-25,Southampton,Leicester,1.0,2.0,A,76,78,-2,2,1,36,-19,0.18421052631578946,1.0,2.0,-1.0,0.0,2,3,47,-4,0.3157894736842105,3.0,2.0,1.0,0.5,0,0,0,0,0,0,0,0,,,-2,-11,-15,-0.13157894736842105,-0.5,-2.0
2018-08-25,Bournemouth,Everton,2.0,2.0,D,77,79,-2,2,6,44,-16,0.2894736842105263,4.0,1.0,3.0,1.0,2,4,49,-14,0.34210526315789475,4.0,3.0,1.0,0.5,0,0,0,0,0,0,0,0,,,2,-5,-2,-0.05263157894736842,0.5,2.0
2018-08-25,Liverpool,Brighton,1.0,0.0,H,83,76,7,2,6,75,46,0.5526315789473685,6.0,0.0,6.0,1.0,2,3,40,-20,0.2368421052631579,3.0,4.0,-1.0,0.5,0,0,0,0,0,0,0,0,,,3,35,66,0.31578947368421056,0.5,7.0
2018-08-26,Watford,Crystal Palace,2.0,1.0,H,77,77,0,2,6,41,-20,0.2894736842105263,5.0,1.0,4.0,1.0,2,3,44,-10,0.2894736842105263,2.0,2.0,0.0,0.5,0,0,0,0,0,0,0,0,,,3,-3,-10,0.0,0.5,4.0
2018-08-26,Fulham,Burnley,4.0,2.0,H,75,77,-2,2,0,-1,-1,0.0,1.0,5.0,-4.0,0.0,2,1,54,-3,0.3684210526315789,1.0,3.0,-2.0,0.0,0,0,0,0,0,0,0,0,,,-1,-55,2,-0.3684210526315789,0.0,-2.0
2018-08-26,Newcastle,Chelsea,1.0,2.0,A,77,83,-6,2,1,44,-8,0.3157894736842105,1.0,2.0,-1.0,0.0,2,6,70,24,0.5526315789473685,6.0,2.0,4.0,1.0,0,0,0,0,0,0,0,0,,,-5,-26,-32,-0.23684210526315796,-1.0,-5.0
2018-08-27,Man United,Tottenham,0.0,3.0,A,82,83,-1,2,3,81,40,0.6578947368421053,4.0,4.0,0.0,0.5,2,6,77,38,0.6052631578947368,5.0,2.0,3.0,1.0,0,0,0,0,0,0,0,0,,,-3,4,2,0.052631578947368474,-0.5,-3.0
2018-09-01,Leicester,Liverpool,1.0,2.0,A,78,83,-5,3,6,47,-4,0.3157894736842105,5.0,3.0,2.0,0.6666666666666666,3,9,75,46,0.5526315789473685,7.0,0.0,7.0,1.0,0,0,0,0,0,0,0,0,,,-3,-28,-50,-0.23684210526315796,-0.33333333333333337,-5.0
2018-09-01,Chelsea,Bournemouth,2.0,0.0,H,83,77,6,3,9,70,24,0.5526315789473685,8.0,3.0,5.0,1.0,3,7,44,-16,0.2894736842105263,6.0,3.0,3.0,0.6666666666666666,0,0,0,0,0,0,0,0,,,2,26,40,0.26315789473684215,0.33333333333333337,2.0
2018-09-01,Everton,Huddersfield,1.0,1.0,D,79,74,5,3,5,49,-14,0.34210526315789475,6.0,5.0,1.0,0.3333333333333333,3,1,37,-30,0.2368421052631579,1.0,9.0,-8.0,0.0,0,0,0,0,0,0,0,0,,,4,12,16,0.10526315789473684,0.3333333333333333,9.0
2018-09-01,West Ham,Wolves,0.0,1.0,A,79,77,2,3,0,42,-20,0.2631578947368421,2.0,9.0,-7.0,0.0,3,2,-1,-1,0.0,3.0,5.0,-2.0,0.0,0,0,0,0,0,0,0,0,,,-2,43,-19,0.2631578947368421,0.0,-5.0
2018-09-01,Crystal Palace,Southampton,0.0,2.0,A,77,76,1,3,3,44,-10,0.2894736842105263,3.0,4.0,-1.0,0.3333333333333333,3,1,36,-19,0.18421052631578946,2.0,4.0,-2.0,0.0,0,0,0,0,0,0,0,0,,,2,8,9,0.10526315789473686,0.3333333333333333,1.0
2018-09-01,Brighton,Fulham,2.0,2.0,D,76,75,1,3,3,40,-20,0.2368421052631579,3.0,5.0,-2.0,0.3333333333333333,3,3,-1,-1,0.0,5.0,7.0,-2.0,0.3333333333333333,0,0,0,0,0,0,0,0,,,0,41,-19,0.2368421052631579,0.0,0.0
2018-09-01,Man City,Newcastle,2.0,1.0,H,85,77,8,3,7,100,79,0.8421052631578947,9.0,2.0,7.0,0.6666666666666666,3,1,44,-8,0.3157894736842105,2.0,4.0,-2.0,0.0,0,0,0,0,0,0,0,0,,,6,56,87,0.5263157894736842,0.6666666666666666,9.0
2018-09-02,Cardiff,Arsenal,2.0,3.0,A,73,82,-9,3,2,-1,-1,0.0,0.0,2.0,-2.0,0.0,3,3,63,23,0.5,5.0,6.0,-1.0,0.3333333333333333,0,0,0,0,0,0,0,0,,,-1,-64,-24,-0.5,-0.3333333333333333,-1.0
2018-09-02,Burnley,Man United,0.0,2.0,A,77,82,-5,3,1,54,-3,0.3684210526315789,3.0,7.0,-4.0,0.0,3,3,81,40,0.6578947368421053,4.0,7.0,-3.0,0.3333333333333333,0,0,0,0,0,0,0,0,,,-2,-27,-43,-0.2894736842105264,-0.3333333333333333,-1.0
2018-09-02,Watford,Tottenham,2.0,1.0,H,77,83,-6,3,9,41,-20,0.2894736842105263,7.0,2.0,5.0,1.0,3,9,77,38,0.6052631578947368,8.0,2.0,6.0,1.0,0,0,0,0,0,0,0,0,,,0,-36,-58,-0.3157894736842105,0.0,-1.0
2018-09-15,Tottenham,Liverpool,1.0,2.0,A,83,83,0,4,9,77,38,0.6052631578947368,9.0,4.0,5.0,0.75,4,12,75,46,0.5526315789473685,9.0,1.0,8.0,1.0,0,0,0,0,1,0,0,0,,,-3,2,-8,0.05263157894736836,-0.25,-3.0
2018-09-15,Man City,Fulham,3.0,0.0,H,85,75,10,4,10,100,79,0.8421052631578947,11.0,3.0,8.0,0.75,4,4,-1,-1,0.0,7.0,9.0,-2.0,0.25,0,0,0,0,0,0,0,0,,,6,101,80,0.8421052631578947,0.5,10.0
2018-09-15,Newcastle,Arsenal,1.0,2.0,A,77,82,-5,4,1,44,-8,0.3157894736842105,3.0,6.0,-3.0,0.0,4,6,63,23,0.5,8.0,8.0,0.0,0.5,0,0,0,0,0,0,0,0,,,-5,-19,-31,-0.1842105263157895,-0.5,-3.0
2018-09-15,Chelsea,Cardiff,4.0,1.0,H,83,73,10,4,12,70,24,0.5526315789473685,10.0,3.0,7.0,1.0,4,2,-1,-1,0.0,2.0,5.0,-3.0,0.0,1,0,0,0,0,0,0,0,,,10,71,25,0.5526315789473685,1.0,10.0
2018-09-15,Huddersfield,Crystal Palace,0.0,1.0,A,74,77,-3,4,2,37,-30,0.2368421052631579,2.0,10.0,-8.0,0.0,4,3,44,-10,0.2894736842105263,3.0,6.0,-3.0,0.25,0,0,0,0,0,0,1,0,,,-1,-7,-20,-0.05263157894736842,-0.25,-5.0
2018-09-15,Bournemouth,Leicester,4.0,2.0,H,77,78,-1,4,7,44,-16,0.2894736842105263,6.0,5.0,1.0,0.5,4,6,47,-4,0.3157894736842105,6.0,5.0,1.0,0.5,0,0,0,0,0,0,0,0,,,1,-3,-12,-0.02631578947368418,0.0,0.0
2018-09-15,Watford,Man United,1.0,2.0,A,77,82,-5,4,12,41,-20,0.2894736842105263,9.0,3.0,6.0,1.0,4,6,81,40,0.6578947368421053,6.0,7.0,-1.0,0.5,1,0,0,0,0,0,0,0,,,6,-40,-60,-0.368421052631579,0.5,7.0
2018-09-16,Wolves,Burnley,1.0,0.0,H,77,77,0,4,5,-1,-1,0.0,4.0,5.0,-1.0,0.25,4,1,54,-3,0.3684210526315789,3.0,9.0,-6.0,0.0,0,0,0,0,0,0,1,0,,,4,-55,2,-0.3684210526315789,0.25,5.0
2018-09-16,Everton,West Ham,1.0,3.0,A,79,79,0,4,6,49,-14,0.34210526315789475,7.0,6.0,1.0,0.25,4,0,42,-20,0.2631578947368421,2.0,10.0,-8.0,0.0,0,0,0,0,0,0,1,0,,,6,7,6,0.07894736842105265,0.25,9.0
2018-09-17,Southampton,Brighton,2.0,2.0,D,76,76,0,4,4,36,-19,0.18421052631578946,4.0,4.0,0.0,0.25,4,4,40,-20,0.2368421052631579,5.0,7.0,-2.0,0.25,0,0,0,0,0,0,0,0,,,0,-4,1,-0.052631578947368446,0.0,2.0
2018-09-22,Fulham,Watford,1.0,1.0,D,75,77,-2,5,4,-1,-1,0.0,7.0,12.0,-5.0,0.2,5,12,41,-20,0.2894736842105263,10.0,5.0,5.0,0.8,0,0,0,0,0,0,0,0,0.2,0.8,-8,-42,19,-0.2894736842105263,-0.6000000000000001,-10.0
2018-09-22,Liverpool,Southampton,3.0,0.0,H,83,76,7,5,15,75,46,0.5526315789473685,11.0,2.0,9.0,1.0,5,5,36,-19,0.18421052631578946,6.0,6.0,0.0,0.2,1,1,0,0,0,0,0,0,1.0,0.2,10,39,65,0.368421052631579,0.8,9.0
2018-09-22,Man United,Wolves,1.0,1.0,D,82,77,5,5,9,81,40,0.6578947368421053,8.0,8.0,0.0,0.6,5,8,-1,-1,0.0,5.0,5.0,0.0,0.4,0,0,0,0,0,0,0,0,0.6,0.4,1,82,41,0.6578947368421053,0.19999999999999996,0.0
2018-09-22,Leicester,Huddersfield,3.0,1.0,H,78,74,4,5,6,47,-4,0.3157894736842105,8.0,9.0,-1.0,0.4,5,2,37,-30,0.2368421052631579,2.0,11.0,-9.0,0.0,0,0,0,0,0,0,0,0,0.4,0.0,4,10,26,0.0789473684210526,0.4,8.0
2018-09-22,Burnley,Bournemouth,4.0,0.0,H,77,77,0,5,1,54,-3,0.3684210526315789,3.0,10.0,-7.0,0.0,5,10,44,-16,0.2894736842105263,10.0,7.0,3.0,0.6,0,0,1,0,0,0,0,0,0.0,0.6,-9,10,13,0.0789473684210526,-0.6,-10.0
2018-09-22,Cardiff,Man City,0.0,5.0,A,73,85,-12,5,2,-1,-1,0.0,3.0,9.0,-6.0,0.0,5,13,100,79,0.8421052631578947,14.0,3.0,11.0,0.8,0,0,0,0,0,0,0,0,0.0,0.8,-11,-101,-80,-0.8421052631578947,-0.8,-17.0
2018-09-22,Crystal Palace,Newcastle,0.0,0.0,D,77,77,0,5,6,44,-10,0.2894736842105263,4.0,6.0,-2.0,0.4,5,1,44,-8,0.3157894736842105,4.0,8.0,-4.0,0.0,0,0,0,0,0,0,1,0,0.4,0.0,5,0,-2,-0.02631578947368418,0.4,2.0
2018-09-22,Brighton,Tottenham,1.0,2.0,A,76,83,-7,5,5,40,-20,0.2368421052631579,7.0,9.0,-2.0,0.2,5,9,77,38,0.6052631578947368,10.0,6.0,4.0,0.6,0,0,0,0,0,0,0,0,0.2,0.6,-4,-37,-58,-0.3684210526315789,-0.39999999999999997,-6.0
2018-09-23,West Ham,Chelsea,0.0,0.0,D,79,83,-4,5,3,42,-20,0.2631578947368421,5.0,11.0,-6.0,0.2,5,15,70,24,0.5526315789473685,14.0,4.0,10.0,1.0,0,0,0,0,1,1,0,0,0.2,1.0,-12,-28,-44,-0.2894736842105264,-0.8,-16.0
2018-09-23,Arsenal,Everton,2.0,0.0,H,82,79,3,5,9,63,23,0.5,10.0,9.0,1.0,0.6,5,6,49,-14,0.34210526315789475,8.0,9.0,-1.0,0.2,1,0,0,0,0,0,0,0,0.6,0.2,3,14,37,0.15789473684210525,0.39999999999999997,2.0
2018-09-29,West Ham,Man United,3.0,1.0,H,79,82,-3,6,4,42,-20,0.2631578947368421,5.0,11.0,-6.0,0.16666666666666666,6,10,81,40,0.6578947368421053,9.0,9.0,0.0,0.5,0,0,0,0,0,0,0,0,0.2,0.4,-6,-39,-60,-0.3947368421052632,-0.33333333333333337,-6.0
2018-09-29,Wolves,Southampton,2.0,0.0,H,77,76,1,6,9,-1,-1,0.0,6.0,6.0,0.0,0.3333333333333333,6,5,36,-19,0.18421052631578946,6.0,9.0,-3.0,0.16666666666666666,0,0,0,0,0,0,0,0,0.4,0.2,4,-37,18,-0.18421052631578946,0.16666666666666666,3.0
2018-09-29,Man City,Brighton,2.0,0.0,H,85,76,9,6,16,100,79,0.8421052631578947,19.0,3.0,16.0,0.8333333333333334,6,5,40,-20,0.2368421052631579,8.0,11.0,-3.0,0.16666666666666666,1,0,0,0,0,0,0,0,0.8,0.2,11,60,99,0.6052631578947367,0.6666666666666667,19.0
2018-09-29,Newcastle,Leicester,0.0,2.0,A,77,78,-1,6,2,44,-8,0.3157894736842105,4.0,8.0,-4.0,0.0,6,9,47,-4,0.3157894736842105,11.0,10.0,1.0,0.5,0,0,0,0,0,0,0,0,0.0,0.6,-7,-3,-4,0.0,-0.5,-5.0
2018-09-29,Arsenal,Watford,2.0,0.0,H,82,77,5,6,12,63,23,0.5,12.0,9.0,3.0,0.6666666666666666,6,13,41,-20,0.2894736842105263,11.0,6.0,5.0,0.6666666666666666,1,0,0,0,0,0,0,0,0.8,0.6,-1,22,43,0.21052631578947367,0.0,-2.0
2018-09-29,Everton,Fulham,3.0,0.0,H,79,75,4,6,6,49,-14,0.34210526315789475,8.0,11.0,-3.0,0.16666666666666666,6,5,-1,-1,0.0,8.0,13.0,-5.0,0.16666666666666666,0,0,0,0,0,0,0,0,0.2,0.2,1,50,-13,0.34210526315789475,0.0,2.0
2018-09-29,Huddersfield,Tottenham,0.0,2.0,A,74,83,-9,6,2,37,-30,0.2368421052631579,3.0,14.0,-11.0,0.0,6,12,77,38,0.6052631578947368,12.0,7.0,5.0,0.6666666666666666,0,0,0,0,0,0,0,0,0.0,0.6,-10,-40,-68,-0.3684210526315789,-0.6666666666666666,-16.0
2018-09-29,Chelsea,Liverpool,1.0,1.0,D,83,83,0,6,16,70,24,0.5526315789473685,14.0,4.0,10.0,0.8333333333333334,6,18,75,46,0.5526315789473685,14.0,2.0,12.0,1.0,0,0,0,0,1,1,0,0,0.8,1.0,-2,-5,-22,0.0,-0.16666666666666663,-2.0
2018-09-30,Cardiff,Burnley,1.0,2.0,A,73,77,-4,6,2,-1,-1,0.0,3.0,14.0,-11.0,0.0,6,4,54,-3,0.3684210526315789,7.0,10.0,-3.0,0.16666666666666666,0,0,1,0,0,0,0,0,0.0,0.2,-2,-55,2,-0.3684210526315789,-0.16666666666666666,-8.0
2018-10-01,Bournemouth,Crystal Palace,2.0,1.0,H,77,77,0,6,10,44,-16,0.2894736842105263,10.0,11.0,-1.0,0.5,6,7,44,-10,0.2894736842105263,4.0,6.0,-2.0,0.3333333333333333,0,0,0,0,0,0,0,0,0.4,0.2,3,0,-6,0.0,0.16666666666666669,1.0
2018-10-05,Brighton,West Ham,1.0,0.0,H,76,79,-3,7,5,40,-20,0.2368421052631579,8.0,13.0,-5.0,0.14285714285714285,7,7,42,-20,0.2631578947368421,8.0,12.0,-4.0,0.2857142857142857,0,0,0,0,0,0,0,0,0.0,0.4,-2,-2,0,-0.02631578947368418,-0.14285714285714285,-1.0
2018-10-06,Tottenham,Cardiff,1.0,0.0,H,83,73,10,7,15,77,38,0.6052631578947368,14.0,7.0,7.0,0.7142857142857143,7,2,-1,-1,0.0,4.0,16.0,-12.0,0.0,0,0,0,0,0,0,1,0,0.6,0.0,13,78,39,0.6052631578947368,0.7142857142857143,19.0
2018-10-06,Leicester,Everton,1.0,2.0,A,78,79,-1,7,12,47,-4,0.3157894736842105,13.0,10.0,3.0,0.5714285714285714,7,9,49,-14,0.34210526315789475,11.0,11.0,0.0,0.2857142857142857,0,0,0,0,0,0,0,0,0.6,0.2,3,-2,10,-0.026315789473684237,0.2857142857142857,3.0
2018-10-06,Burnley,Huddersfield,1.0,1.0,D,77,74,3,7,7,54,-3,0.3684210526315789,9.0,11.0,-2.0,0.2857142857142857,7,2,37,-30,0.2368421052631579,3.0,16.0,-13.0,0.0,0,0,0,0,0,0,1,0,0.4,0.0,5,17,27,0.13157894736842102,0.2857142857142857,11.0
2018-10-06,Crystal Palace,Wolves,0.0,1.0,A,77,77,0,7,7,44,-10,0.2894736842105263,5.0,8.0,-3.0,0.2857142857142857,7,12,-1,-1,0.0,8.0,6.0,2.0,0.42857142857142855,0,0,0,0,0,0,0,0,0.2,0.6,-5,45,-9,0.2894736842105263,-0.14285714285714285,-5.0
2018-10-06,Watford,Bournemouth,0.0,4.0,A,77,77,0,7,13,41,-20,0.2894736842105263,11.0,8.0,3.0,0.5714285714285714,7,13,44,-16,0.2894736842105263,12.0,12.0,0.0,0.5714285714285714,0,0,0,0,0,0,0,0,0.4,0.4,0,-3,-4,0.0,0.0,3.0
2018-10-06,Man United,Newcastle,3.0,2.0,H,82,77,5,7,10,81,40,0.6578947368421053,10.0,12.0,-2.0,0.42857142857142855,7,2,44,-8,0.3157894736842105,4.0,10.0,-6.0,0.0,0,0,0,0,0,0,0,0,0.4,0.0,8,37,48,0.3421052631578948,0.42857142857142855,4.0
2018-10-07,Fulham,Arsenal,1.0,5.0,A,75,82,-7,7,5,-1,-1,0.0,8.0,16.0,-8.0,0.14285714285714285,7,15,63,23,0.5,14.0,9.0,5.0,0.7142857142857143,0,0,0,0,1,1,0,0,0.2,1.0,-10,-64,-24,-0.5,-0.5714285714285714,-13.0
2018-10-07,Southampton,Chelsea,0.0,3.0,A,76,83,-7,7,5,36,-19,0.18421052631578946,6.0,11.0,-5.0,0.14285714285714285,7,17,70,24,0.5526315789473685,15.0,5.0,10.0,0.7142857142857143,0,0,0,0,0,0,0,0,0.2,0.6,-12,-34,-43,-0.368421052631579,-0.5714285714285714,-15.0
2018-10-07,Liverpool,Man City,0.0,0.0,D,83,85,-2,7,19,75,46,0.5526315789473685,15.0,3.0,12.0,0.8571428571428571,7,19,100,79,0.8421052631578947,21.0,3.0,18.0,0.8571428571428571,0,0,0,0,1,0,0,0,0.8,0.8,0,-25,-33,-0.2894736842105262,0.0,-6.0
2018-10-20,Chelsea,Man United,2.0,2.0,D,83,82,1,8,20,70,24,0.5526315789473685,18.0,5.0,13.0,0.75,8,13,81,40,0.6578947368421053,13.0,14.0,-1.0,0.5,0,0,0,0,0,0,0,0,0.6,0.6,7,-11,-16,-0.10526315789473684,0.25,14.0
2018-10-20,Wolves,Watford,0.0,2.0,A,77,77,0,8,15,-1,-1,0.0,9.0,6.0,3.0,0.5,8,13,41,-20,0.2894736842105263,11.0,12.0,-1.0,0.5,0,0,0,0,0,0,0,0,0.8,0.2,2,-42,19,-0.2894736842105263,0.0,4.0
2018-10-20,Man City,Burnley,5.0,0.0,H,85,77,8,8,20,100,79,0.8421052631578947,21.0,3.0,18.0,0.75,8,8,54,-3,0.3684210526315789,10.0,12.0,-2.0,0.25,0,0,0,0,0,0,0,0,0.8,0.4,12,46,82,0.47368421052631576,0.5,20.0
2018-10-20,Newcastle,Brighton,0.0,1.0,A,77,76,1,8,2,44,-8,0.3157894736842105,6.0,13.0,-7.0,0.0,8,8,40,-20,0.2368421052631579,9.0,13.0,-4.0,0.25,0,0,0,0,0,0,0,0,0.0,0.2,-6,4,12,0.0789473684210526,-0.25,-3.0
2018-10-20,Cardiff,Fulham,4.0,2.0,H,73,75,-2,8,2,-1,-1,0.0,4.0,17.0,-13.0,0.0,8,5,-1,-1,0.0,9.0,21.0,-12.0,0.125,0,0,1,1,0,0,0,0,0.0,0.0,-3,0,0,0.0,-0.125,-1.0
2018-10-20,West Ham,Tottenham,0.0,1.0,A,79,83,-4,8,7,42,-20,0.2631578947368421,8.0,13.0,-5.0,0.25,8,18,77,38,0.6052631578947368,15.0,7.0,8.0,0.75,0,0,0,0,1,0,0,0,0.4,0.6,-11,-35,-58,-0.34210526315789475,-0.5,-13.0
2018-10-20,Bournemouth,Southampton,0.0,0.0,D,77,76,1,8,16,44,-16,0.2894736842105263,16.0,12.0,4.0,0.625,8,5,36,-19,0.18421052631578946,6.0,14.0,-8.0,0.125,0,0,0,0,0,0,1,0,0.6,0.2,11,8,3,0.10526315789473686,0.5,12.0
2018-10-20,Huddersfield,Liverpool,0.0,1.0,A,74,83,-9,8,3,37,-30,0.2368421052631579,4.0,17.0,-13.0,0.0,8,20,75,46,0.5526315789473685,15.0,3.0,12.0,0.75,0,0,0,0,0,0,0,0,0.0,0.6,-17,-38,-76,-0.31578947368421056,-0.75,-25.0
2018-10-21,Everton,Crystal Palace,2.0,0.0,H,79,77,2,8,12,49,-14,0.34210526315789475,13.0,12.0,1.0,0.375,8,7,44,-10,0.2894736842105263,5.0,9.0,-4.0,0.25,0,0,0,0,0,0,0,0,0.4,0.2,5,5,-4,0.05263157894736842,0.125,5.0
2018-10-22,Arsenal,Leicester,3.0,1.0,H,82,78,4,8,18,63,23,0.5,19.0,10.0,9.0,0.75,8,12,47,-4,0.3157894736842105,14.0,12.0,2.0,0.5,1,1,0,0,0,0,0,0,1.0,0.4,6,16,27,0.1842105263157895,0.25,7.0
2018-10-27,Fulham,Bournemouth,0.0,3.0,A,75,77,-2,9,5,-1,-1,0.0,11.0,25.0,-14.0,0.1111111111111111,9,17,44,-16,0.2894736842105263,16.0,12.0,4.0,0.5555555555555556,0,0,1,0,0,0,0,0,0.0,0.6,-12,-45,15,-0.2894736842105263,-0.4444444444444445,-18.0
2018-10-27,Liverpool,Cardiff,4.0,1.0,H,83,73,10,9,23,75,46,0.5526315789473685,16.0,3.0,13.0,0.7777777777777778,9,5,-1,-1,0.0,8.0,19.0,-11.0,0.1111111111111111,0,0,0,0,0,0,0,0,0.6,0.2,18,76,47,0.5526315789473685,0.6666666666666667,24.0
2018-10-27,Southampton,Newcastle,0.0,0.0,D,76,77,-1,9,6,36,-19,0.18421052631578946,6.0,14.0,-8.0,0.1111111111111111,9,2,44,-8,0.3157894736842105,6.0,14.0,-8.0,0.0,0,0,0,0,0,0,1,0,0.0,0.0,4,-8,-11,-0.13157894736842105,0.1111111111111111,0.0
2018-10-27,Brighton,Wolves,1.0,0.0,H,76,77,-1,9,11,40,-20,0.2368421052631579,10.0,13.0,-3.0,0.3333333333333333,9,15,-1,-1,0.0,9.0,8.0,1.0,0.4444444444444444,0,0,0,0,0,0,0,0,0.4,0.6,-4,41,-19,0.2368421052631579,-0.1111111111111111,-4.0
2018-10-27,Watford,Huddersfield,3.0,0.0,H,77,74,3,9,16,41,-20,0.2894736842105263,13.0,12.0,1.0,0.5555555555555556,9,3,37,-30,0.2368421052631579,4.0,18.0,-14.0,0.0,0,0,0,0,0,0,0,0,0.2,0.0,13,4,10,0.05263157894736842,0.5555555555555556,15.0
2018-10-27,Leicester,West Ham,1.0,1.0,D,78,79,-1,9,12,47,-4,0.3157894736842105,15.0,15.0,0.0,0.4444444444444444,9,7,42,-20,0.2631578947368421,8.0,14.0,-6.0,0.2222222222222222,0,0,0,0,0,0,0,0,0.4,0.4,5,5,16,0.05263157894736842,0.2222222222222222,6.0
2018-10-28,Burnley,Chelsea,0.0,4.0,A,77,83,-6,9,8,54,-3,0.3684210526315789,10.0,17.0,-7.0,0.2222222222222222,9,21,70,24,0.5526315789473685,20.0,7.0,13.0,0.6666666666666666,0,0,0,0,0,0,0,0,0.4,0.4,-13,-16,-27,-0.18421052631578955,-0.4444444444444444,-20.0
2018-10-28,Crystal Palace,Arsenal,2.0,2.0,D,77,82,-5,9,7,44,-10,0.2894736842105263,5.0,11.0,-6.0,0.2222222222222222,9,21,63,23,0.5,22.0,11.0,11.0,0.7777777777777778,0,0,1,0,1,1,0,0,0.2,1.0,-14,-19,-33,-0.21052631578947367,-0.5555555555555556,-17.0
2018-10-28,Man United,Everton,2.0,1.0,H,82,79,3,9,14,81,40,0.6578947368421053,15.0,16.0,-1.0,0.4444444444444444,9,15,49,-14,0.34210526315789475,15.0,12.0,3.0,0.4444444444444444,0,0,0,0,1,0,0,0,0.4,0.6,-1,32,54,0.31578947368421056,0.0,-4.0
2018-10-29,Tottenham,Man City,0.0,1.0,A,83,85,-2,9,21,77,38,0.6052631578947368,16.0,7.0,9.0,0.7777777777777778,9,23,100,79,0.8421052631578947,26.0,3.0,23.0,0.7777777777777778,1,0,0,0,0,0,0,0,0.8,0.8,-2,-23,-41,-0.23684210526315785,0.0,-14.0
2018-11-03,Bournemouth,Man United,1.0,2.0,A,77,82,-5,10,20,44,-16,0.2894736842105263,19.0,12.0,7.0,0.6,10,17,81,40,0.6578947368421053,17.0,17.0,0.0,0.5,0,0,0,0,0,0,0,0,0.6,0.4,3,-37,-56,-0.368421052631579,0.09999999999999998,7.0
2018-11-03,Newcastle,Watford,1.0,0.0,H,77,77,0,10,3,44,-8,0.3157894736842105,6.0,14.0,-8.0,0.0,10,19,41,-20,0.2894736842105263,16.0,12.0,4.0,0.6,0,0,0,0,0,0,0,0,0.0,0.4,-16,3,12,0.02631578947368418,-0.6,-12.0
2018-11-03,Everton,Brighton,3.0,1.0,H,79,76,3,10,15,49,-14,0.34210526315789475,16.0,14.0,2.0,0.4,10,14,40,-20,0.2368421052631579,11.0,13.0,-2.0,0.4,0,0,0,0,1,0,0,0,0.6,0.6,1,9,6,0.10526315789473684,0.0,4.0
2018-11-03,Cardiff,Leicester,0.0,1.0,A,73,78,-5,10,5,-1,-1,0.0,9.0,23.0,-14.0,0.1,10,13,47,-4,0.3157894736842105,16.0,16.0,0.0,0.4,0,0,0,0,0,0,0,0,0.2,0.4,-8,-48,3,-0.3157894736842105,-0.30000000000000004,-14.0
2018-11-03,West Ham,Burnley,4.0,2.0,H,79,77,2,10,8,42,-20,0.2631578947368421,9.0,15.0,-6.0,0.2,10,8,54,-3,0.3684210526315789,10.0,21.0,-11.0,0.2,0,0,0,0,0,0,0,0,0.2,0.4,0,-12,-17,-0.10526315789473684,0.0,5.0
2018-11-03,Arsenal,Liverpool,1.0,1.0,D,82,83,-1,10,22,63,23,0.5,24.0,13.0,11.0,0.7,10,26,75,46,0.5526315789473685,20.0,4.0,16.0,0.8,0,0,0,0,0,0,0,0,0.8,0.6,-4,-12,-23,-0.052631578947368474,-0.10000000000000009,-5.0
2018-11-03,Wolves,Tottenham,2.0,3.0,A,77,83,-6,10,15,-1,-1,0.0,9.0,9.0,0.0,0.4,10,21,77,38,0.6052631578947368,16.0,8.0,8.0,0.7,0,0,0,0,0,0,0,0,0.4,0.8,-6,-78,-39,-0.6052631578947368,-0.29999999999999993,-8.0
2018-11-04,Man City,Southampton,6.0,1.0,H,85,76,9,10,26,100,79,0.8421052631578947,27.0,3.0,24.0,0.8,10,7,36,-19,0.18421052631578946,6.0,14.0,-8.0,0.1,0,0,0,0,0,0,0,0,0.8,0.0,19,64,98,0.6578947368421052,0.7000000000000001,32.0
2018-11-04,Chelsea,Crystal Palace,3.0,1.0,H,83,77,6,10,24,70,24,0.5526315789473685,24.0,7.0,17.0,0.7,10,8,44,-10,0.2894736842105263,7.0,13.0,-6.0,0.2,0,0,0,0,0,0,0,0,0.4,0.0,16,26,34,0.26315789473684215,0.49999999999999994,23.0
2018-11-05,Huddersfield,Fulham,1.0,0.0,H,74,75,-1,10,3,37,-30,0.2368421052631579,4.0,21.0,-17.0,0.0,10,5,-1,-1,0.0,11.0,28.0,-17.0,0.1,0,0,0,0,0,0,1,0,0.0,0.0,-2,38,-29,0.2368421052631579,-0.1,0.0
2018-11-10,Cardiff,Brighton,2.0,1.0,H,73,76,-3,11,5,-1,-1,0.0,9.0,24.0,-15.0,0.09090909090909091,11,14,40,-20,0.2368421052631579,12.0,16.0,-4.0,0.36363636363636365,0,0,0,0,0,0,0,0,0.2,0.6,-9,-41,19,-0.2368421052631579,-0.2727272727272727,-11.0
2018-11-10,Newcastle,Bournemouth,2.0,1.0,H,77,77,0,11,6,44,-8,0.3157894736842105,7.0,14.0,-7.0,0.09090909090909091,11,20,44,-16,0.2894736842105263,20.0,14.0,6.0,0.5454545454545454,0,0,0,0,0,0,0,0,0.2,0.6,-14,0,8,0.02631578947368418,-0.4545454545454545,-13.0
2018-11-10,Leicester,Burnley,0.0,0.0,D,78,77,1,11,16,47,-4,0.3157894736842105,17.0,16.0,1.0,0.45454545454545453,11,8,54,-3,0.3684210526315789,12.0,25.0,-13.0,0.18181818181818182,0,0,0,0,0,0,1,0,0.4,0.2,8,-7,-1,-0.05263157894736842,0.2727272727272727,14.0
2018-11-10,Huddersfield,West Ham,1.0,1.0,D,74,79,-5,11,6,37,-30,0.2368421052631579,5.0,21.0,-16.0,0.09090909090909091,11,11,42,-20,0.2631578947368421,13.0,17.0,-4.0,0.2727272727272727,0,0,0,0,0,0,0,0,0.2,0.4,-5,-5,-10,-0.02631578947368418,-0.1818181818181818,-12.0
2018-11-10,Southampton,Watford,1.0,1.0,D,76,77,-1,11,7,36,-19,0.18421052631578946,7.0,20.0,-13.0,0.09090909090909091,11,19,41,-20,0.2894736842105263,16.0,13.0,3.0,0.5454545454545454,0,0,0,0,0,0,0,0,0.0,0.4,-12,-5,1,-0.10526315789473686,-0.4545454545454545,-16.0
2018-11-10,Crystal Palace,Tottenham,0.0,1.0,A,77,83,-6,11,8,44,-10,0.2894736842105263,8.0,16.0,-8.0,0.18181818181818182,11,24,77,38,0.6052631578947368,19.0,10.0,9.0,0.7272727272727273,0,0,0,0,0,0,0,0,0.0,0.8,-16,-33,-48,-0.3157894736842105,-0.5454545454545454,-17.0
2018-11-11,Liverpool,Fulham,2.0,0.0,H,83,75,8,11,27,75,46,0.5526315789473685,21.0,5.0,16.0,0.7272727272727273,11,5,-1,-1,0.0,11.0,29.0,-18.0,0.09090909090909091,0,0,0,0,0,0,1,1,0.4,0.0,22,76,47,0.5526315789473685,0.6363636363636364,34.0
2018-11-11,Chelsea,Everton,0.0,0.0,D,83,79,4,11,27,70,24,0.5526315789473685,27.0,8.0,19.0,0.7272727272727273,11,18,49,-14,0.34210526315789475,19.0,15.0,4.0,0.45454545454545453,0,0,0,0,0,0,0,0,0.6,0.8,9,21,38,0.21052631578947373,0.27272727272727276,15.0
2018-11-11,Man City,Man United,3.0,1.0,H,85,82,3,11,29,100,79,0.8421052631578947,33.0,4.0,29.0,0.8181818181818182,11,20,81,40,0.6578947368421053,19.0,18.0,1.0,0.5454545454545454,1,0,0,0,0,0,0,0,0.8,0.6,9,19,39,0.18421052631578938,0.2727272727272728,28.0
2018-11-11,Arsenal,Wolves,1.0,1.0,D,82,77,5,11,23,63,23,0.5,25.0,14.0,11.0,0.6363636363636364,11,15,-1,-1,0.0,11.0,12.0,-1.0,0.36363636363636365,0,0,0,0,0,0,1,0,0.6,0.4,8,64,24,0.5,0.2727272727272727,12.0
2018-11-24,Fulham,Southampton,3.0,2.0,H,75,76,-1,12,5,-1,-1,0.0,11.0,31.0,-20.0,0.08333333333333333,12,8,36,-19,0.18421052631578946,8.0,21.0,-13.0,0.08333333333333333,0,0,1,1,0,0,0,0,0.0,0.0,-3,-37,18,-0.18421052631578946,0.0,-7.0
2018-11-24,Everton,Cardiff,1.0,0.0,H,79,73,6,12,19,49,-14,0.34210526315789475,19.0,15.0,4.0,0.4166666666666667,12,8,-1,-1,0.0,11.0,25.0,-14.0,0.16666666666666666,0,0,0,0,0,0,0,0,0.6,0.4,11,50,-13,0.34210526315789475,0.25,18.0
2018-11-24,Man United,Crystal Palace,0.0,0.0,D,82,77,5,12,20,81,40,0.6578947368421053,20.0,21.0,-1.0,0.5,12,8,44,-10,0.2894736842105263,8.0,17.0,-9.0,0.16666666666666666,0,0,0,0,0,0,0,0,0.6,0.0,12,37,50,0.368421052631579,0.33333333333333337,8.0
2018-11-24,West Ham,Man City,0.0,4.0,A,79,85,-6,12,12,42,-20,0.2631578947368421,14.0,18.0,-4.0,0.25,12,32,100,79,0.8421052631578947,36.0,5.0,31.0,0.8333333333333334,0,0,0,0,1,0,0,0,0.2,0.8,-20,-58,-99,-0.5789473684210527,-0.5833333333333334,-35.0
2018-11-24,Brighton,Leicester,1.0,1.0,D,76,78,-2,12,14,40,-20,0.2368421052631579,13.0,18.0,-5.0,0.3333333333333333,12,17,47,-4,0.3157894736842105,17.0,16.0,1.0,0.4166666666666667,0,0,0,0,0,0,0,0,0.6,0.2,-3,-7,-16,-0.0789473684210526,-0.08333333333333337,-6.0
2018-11-24,Watford,Liverpool,0.0,3.0,A,77,83,-6,12,20,41,-20,0.2894736842105263,17.0,14.0,3.0,0.5,12,30,75,46,0.5526315789473685,23.0,5.0,18.0,0.75,0,0,0,0,0,0,0,0,0.4,0.6,-10,-34,-66,-0.26315789473684215,-0.25,-15.0
2018-11-24,Tottenham,Chelsea,3.0,1.0,H,83,83,0,12,27,77,38,0.6052631578947368,20.0,10.0,10.0,0.75,12,28,70,24,0.5526315789473685,27.0,8.0,19.0,0.6666666666666666,0,0,0,0,0,0,0,0,0.8,0.6,-1,7,14,0.05263157894736836,0.08333333333333337,-9.0
2018-11-25,Bournemouth,Arsenal,1.0,2.0,A,77,82,-5,12,20,44,-16,0.2894736842105263,21.0,16.0,5.0,0.5,12,24,63,23,0.5,26.0,15.0,11.0,0.5833333333333334,0,0,0,0,0,0,0,0,0.4,0.4,-4,-19,-39,-0.21052631578947367,-0.08333333333333337,-6.0
2018-11-25,Wolves,Huddersfield,0.0,2.0,A,77,74,3,12,16,-1,-1,0.0,12.0,13.0,-1.0,0.3333333333333333,12,7,37,-30,0.2368421052631579,6.0,22.0,-16.0,0.08333333333333333,0,0,0,0,0,0,0,0,0.2,0.2,9,-38,29,-0.2368421052631579,0.25,15.0
2018-11-26,Burnley,Newcastle,1.0,2.0,A,77,77,0,12,9,54,-3,0.3684210526315789,12.0,25.0,-13.0,0.16666666666666666,12,9,44,-8,0.3157894736842105,9.0,15.0,-6.0,0.16666666666666666,0,0,0,0,0,0,0,0,0.0,0.4,0,10,5,0.05263157894736842,0.0,-7.0
2018-11-30,Cardiff,Wolves,2.0,1.0,H,73,77,-4,13,8,-1,-1,0.0,11.0,26.0,-15.0,0.15384615384615385,13,16,-1,-1,0.0,12.0,15.0,-3.0,0.3076923076923077,0,0,0,0,0,0,0,0,0.4,0.0,-8,0,0,0.0,-0.15384615384615385,-12.0
2018-12-01,Man City,Bournemouth,3.0,1.0,H,85,77,8,13,35,100,79,0.8421052631578947,40.0,5.0,35.0,0.8461538461538461,13,20,44,-16,0.2894736842105263,22.0,18.0,4.0,0.46153846153846156,1,1,0,0,0,0,1,0,1.0,0.2,15,56,95,0.5526315789473684,0.3846153846153846,31.0
2018-12-01,Newcastle,West Ham,0.0,3.0,A,77,79,-2,13,12,44,-8,0.3157894736842105,11.0,16.0,-5.0,0.23076923076923078,13,12,42,-20,0.2631578947368421,14.0,22.0,-8.0,0.23076923076923078,1,0,0,0,0,0,0,0,0.6,0.2,0,2,12,0.05263157894736842,0.0,3.0
2018-12-01,Leicester,Watford,2.0,0.0,H,78,77,1,13,18,47,-4,0.3157894736842105,18.0,17.0,1.0,0.38461538461538464,13,20,41,-20,0.2894736842105263,17.0,17.0,0.0,0.46153846153846156,0,0,0,0,0,0,0,0,0.2,0.4,-2,6,16,0.02631578947368418,-0.07692307692307693,1.0
2018-12-01,Huddersfield,Brighton,1.0,2.0,A,74,76,-2,13,10,37,-30,0.2368421052631579,8.0,22.0,-14.0,0.15384615384615385,13,15,40,-20,0.2368421052631579,14.0,19.0,-5.0,0.3076923076923077,0,0,0,0,0,0,0,0,0.4,0.4,-5,-3,-10,0.0,-0.15384615384615385,-9.0
2018-12-01,Crystal Palace,Burnley,2.0,0.0,H,77,77,0,13,9,44,-10,0.2894736842105263,8.0,17.0,-9.0,0.15384615384615385,13,9,54,-3,0.3684210526315789,13.0,27.0,-14.0,0.15384615384615385,0,0,0,0,0,0,0,0,0.0,0.0,0,-10,-7,-0.0789473684210526,0.0,5.0
2018-12-01,Southampton,Man United,2.0,2.0,D,76,82,-6,13,8,36,-19,0.18421052631578946,10.0,24.0,-14.0,0.07692307692307693,13,21,81,40,0.6578947368421053,20.0,21.0,-1.0,0.46153846153846156,0,0,0,0,0,0,0,0,0.0,0.4,-13,-45,-59,-0.4736842105263158,-0.38461538461538464,-13.0
2018-12-02,Chelsea,Fulham,2.0,0.0,H,83,75,8,13,28,70,24,0.5526315789473685,28.0,11.0,17.0,0.6153846153846154,13,8,-1,-1,0.0,14.0,33.0,-19.0,0.15384615384615385,0,0,0,0,0,0,0,0,0.4,0.2,20,71,25,0.5526315789473685,0.46153846153846156,36.0
2018-12-02,Arsenal,Tottenham,4.0,2.0,H,82,83,-1,13,27,63,23,0.5,28.0,16.0,12.0,0.6153846153846154,13,30,77,38,0.6052631578947368,23.0,11.0,12.0,0.7692307692307693,0,0,0,0,1,0,0,0,0.4,0.8,-3,-14,-15,-0.10526315789473684,-0.15384615384615385,0.0
2018-12-02,Liverpool,Everton,1.0,0.0,H,83,79,4,13,33,75,46,0.5526315789473685,26.0,5.0,21.0,0.7692307692307693,13,22,49,-14,0.34210526315789475,20.0,15.0,5.0,0.46153846153846156,0,0,0,0,0,0,0,0,0.8,0.6,11,26,60,0.21052631578947373,0.3076923076923077,16.0
2018-12-04,West Ham,Cardiff,3.0,1.0,H,79,73,6,14,15,42,-20,0.2631578947368421,17.0,22.0,-5.0,0.2857142857142857,14,11,-1,-1,0.0,13.0,27.0,-14.0,0.21428571428571427,0,0,0,0,0,0,0,0,0.4,0.4,4,43,-19,0.2631578947368421,0.07142857142857142,9.0
2018-12-04,Brighton,Crystal Palace,3.0,1.0,H,76,77,-1,14,18,40,-20,0.2368421052631579,16.0,20.0,-4.0,0.35714285714285715,14,12,44,-10,0.2894736842105263,10.0,17.0,-7.0,0.21428571428571427,0,0,0,0,0,0,0,0,0.4,0.2,6,-4,-10,-0.05263157894736842,0.14285714285714288,3.0
2018-12-04,Bournemouth,Huddersfield,2.0,1.0,H,77,74,3,14,20,44,-16,0.2894736842105263,23.0,21.0,2.0,0.42857142857142855,14,10,37,-30,0.2368421052631579,9.0,24.0,-15.0,0.14285714285714285,0,0,1,0,0,0,0,0,0.2,0.4,10,7,14,0.05263157894736842,0.2857142857142857,17.0
2018-12-04,Watford,Man City,1.0,2.0,A,77,85,-8,14,20,41,-20,0.2894736842105263,17.0,19.0,-2.0,0.42857142857142855,14,38,100,79,0.8421052631578947,43.0,6.0,37.0,0.8571428571428571,0,0,0,0,1,1,0,0,0.2,1.0,-18,-59,-99,-0.5526315789473684,-0.42857142857142855,-39.0
2018-12-05,Wolves,Chelsea,2.0,1.0,H,77,83,-6,14,16,-1,-1,0.0,13.0,17.0,-4.0,0.2857142857142857,14,31,70,24,0.5526315789473685,30.0,11.0,19.0,0.6428571428571429,0,0,0,0,0,0,0,0,0.0,0.6,-15,-71,-25,-0.5526315789473685,-0.3571428571428572,-23.0
2018-12-05,Fulham,Leicester,1.0,1.0,D,75,78,-3,14,8,-1,-1,0.0,14.0,35.0,-21.0,0.14285714285714285,14,21,47,-4,0.3157894736842105,20.0,17.0,3.0,0.42857142857142855,0,0,0,0,0,0,0,0,0.2,0.4,-13,-48,3,-0.3157894736842105,-0.2857142857142857,-24.0
2018-12-05,Burnley,Liverpool,1.0,3.0,A,77,83,-6,14,9,54,-3,0.3684210526315789,13.0,29.0,-16.0,0.14285714285714285,14,36,75,46,0.5526315789473685,27.0,5.0,22.0,0.7857142857142857,0,0,0,0,1,0,0,0,0.0,0.8,-27,-21,-49,-0.18421052631578955,-0.6428571428571428,-38.0
2018-12-05,Everton,Newcastle,1.0,1.0,D,79,77,2,14,22,49,-14,0.34210526315789475,20.0,16.0,4.0,0.42857142857142855,14,12,44,-8,0.3157894736842105,11.0,19.0,-8.0,0.21428571428571427,0,0,0,0,0,0,0,0,0.4,0.6,10,5,-6,0.026315789473684237,0.21428571428571427,12.0
2018-12-05,Man United,Arsenal,2.0,2.0,D,82,82,0,14,22,81,40,0.6578947368421053,22.0,23.0,-1.0,0.42857142857142855,14,30,63,23,0.5,32.0,18.0,14.0,0.6428571428571429,0,0,0,0,0,0,0,0,0.4,0.4,-8,18,17,0.1578947368421053,-0.21428571428571436,-15.0
2018-12-05,Tottenham,Southampton,3.0,1.0,H,83,76,7,14,30,77,38,0.6052631578947368,25.0,15.0,10.0,0.7142857142857143,14,9,36,-19,0.18421052631578946,12.0,26.0,-14.0,0.07142857142857142,0,0,0,0,0,0,0,0,0.6,0.0,21,41,57,0.42105263157894735,0.6428571428571429,24.0
2018-12-08,Bournemouth,Liverpool,0.0,4.0,A,77,83,-6,15,23,44,-16,0.2894736842105263,25.0,22.0,3.0,0.4666666666666667,15,39,75,46,0.5526315789473685,30.0,6.0,24.0,0.8,0,0,0,0,1,0,0,0,0.2,0.8,-16,-31,-62,-0.26315789473684215,-0.33333333333333337,-21.0
2018-12-08,Arsenal,Huddersfield,1.0,0.0,H,82,74,8,15,31,63,23,0.5,34.0,20.0,14.0,0.6,15,10,37,-30,0.2368421052631579,10.0,26.0,-16.0,0.13333333333333333,0,0,0,0,0,0,0,0,0.4,0.4,21,26,53,0.2631578947368421,0.4666666666666667,30.0
2018-12-08,Man United,Fulham,4.0,1.0,H,82,75,7,15,23,81,40,0.6578947368421053,24.0,25.0,-1.0,0.4,15,9,-1,-1,0.0,15.0,36.0,-21.0,0.13333333333333333,0,0,0,0,0,0,0,0,0.2,0.2,14,82,41,0.6578947368421053,0.2666666666666667,20.0
2018-12-08,Burnley,Brighton,1.0,0.0,H,77,76,1,15,9,54,-3,0.3684210526315789,14.0,32.0,-18.0,0.13333333333333333,15,21,40,-20,0.2368421052631579,19.0,21.0,-2.0,0.4,0,0,1,0,0,0,0,0,0.0,0.4,-12,14,17,0.13157894736842102,-0.2666666666666667,-16.0
2018-12-08,Cardiff,Southampton,1.0,0.0,H,73,76,-3,15,11,-1,-1,0.0,14.0,30.0,-16.0,0.2,15,9,36,-19,0.18421052631578946,13.0,29.0,-16.0,0.06666666666666667,0,0,0,0,0,0,0,0,0.4,0.0,2,-37,18,-0.18421052631578946,0.13333333333333336,0.0
2018-12-08,West Ham,Crystal Palace,3.0,2.0,H,79,77,2,15,18,42,-20,0.2631578947368421,20.0,23.0,-3.0,0.3333333333333333,15,12,44,-10,0.2894736842105263,11.0,20.0,-9.0,0.2,0,0,0,0,0,0,0,0,0.6,0.2,6,-2,-10,-0.026315789473684237,0.1333333333333333,6.0
2018-12-08,Chelsea,Man City,2.0,0.0,H,83,85,-2,15,31,70,24,0.5526315789473685,31.0,13.0,18.0,0.6,15,41,100,79,0.8421052631578947,45.0,7.0,38.0,0.8666666666666667,0,0,0,0,1,1,0,0,0.4,1.0,-10,-30,-55,-0.2894736842105262,-0.2666666666666667,-20.0
2018-12-08,Leicester,Tottenham,0.0,2.0,A,78,83,-5,15,22,47,-4,0.3157894736842105,21.0,18.0,3.0,0.4,15,33,77,38,0.6052631578947368,28.0,16.0,12.0,0.7333333333333333,0,0,0,0,0,0,0,0,0.4,0.8,-11,-30,-42,-0.2894736842105263,-0.33333333333333326,-9.0
2018-12-09,Newcastle,Wolves,1.0,2.0,A,77,77,0,15,13,44,-8,0.3157894736842105,12.0,20.0,-8.0,0.2,15,19,-1,-1,0.0,15.0,18.0,-3.0,0.3333333333333333,0,0,0,0,0,0,0,0,0.6,0.2,-6,45,-7,0.3157894736842105,-0.1333333333333333,-5.0
2018-12-10,Everton,Watford,2.0,2.0,D,79,77,2,15,23,49,-14,0.34210526315789475,21.0,17.0,4.0,0.4,15,20,41,-20,0.2894736842105263,18.0,21.0,-3.0,0.4,0,0,0,0,0,0,1,0,0.4,0.0,3,8,6,0.05263157894736842,0.0,7.0
2018-12-15,Man City,Everton,3.0,1.0,H,85,79,6,16,41,100,79,0.8421052631578947,45.0,9.0,36.0,0.8125,16,24,49,-14,0.34210526315789475,23.0,19.0,4.0,0.375,0,0,0,0,0,0,0,0,0.8,0.2,17,51,93,0.49999999999999994,0.4375,32.0
2018-12-15,Wolves,Bournemouth,2.0,0.0,H,77,77,0,16,22,-1,-1,0.0,17.0,19.0,-2.0,0.375,16,23,44,-16,0.2894736842105263,25.0,26.0,-1.0,0.4375,0,0,0,0,0,0,0,0,0.4,0.2,-1,-45,15,-0.2894736842105263,-0.0625,-1.0
2018-12-15,Tottenham,Burnley,1.0,0.0,H,83,77,6,16,36,77,38,0.6052631578947368,30.0,16.0,14.0,0.75,16,12,54,-3,0.3684210526315789,15.0,32.0,-17.0,0.1875,0,0,0,0,0,0,0,0,0.8,0.2,24,23,41,0.2368421052631579,0.5625,31.0
2018-12-15,Huddersfield,Newcastle,0.0,1.0,A,74,77,-3,16,10,37,-30,0.2368421052631579,10.0,27.0,-17.0,0.125,16,13,44,-8,0.3157894736842105,13.0,22.0,-9.0,0.1875,0,0,1,0,0,0,0,0,0.2,0.4,-3,-7,-22,-0.0789473684210526,-0.0625,-8.0
2018-12-15,Crystal Palace,Leicester,1.0,0.0,H,77,78,-1,16,12,44,-10,0.2894736842105263,13.0,23.0,-10.0,0.1875,16,22,47,-4,0.3157894736842105,21.0,20.0,1.0,0.375,0,0,0,0,0,0,0,0,0.2,0.2,-10,-3,-6,-0.02631578947368418,-0.1875,-11.0
2018-12-15,Watford,Cardiff,3.0,2.0,H,77,73,4,16,21,41,-20,0.2894736842105263,20.0,23.0,-3.0,0.375,16,14,-1,-1,0.0,15.0,30.0,-15.0,0.25,0,0,0,0,0,0,0,0,0.0,0.6,7,42,-19,0.2894736842105263,0.125,12.0
2018-12-15,Fulham,West Ham,0.0,2.0,A,75,79,-4,16,9,-1,-1,0.0,16.0,40.0,-24.0,0.125,16,21,42,-20,0.2631578947368421,23.0,25.0,-2.0,0.375,0,0,0,0,1,0,0,0,0.2,0.6,-12,-43,19,-0.2631578947368421,-0.25,-22.0
2018-12-16,Southampton,Arsenal,3.0,2.0,H,76,82,-6,16,9,36,-19,0.18421052631578946,13.0,30.0,-17.0,0.0625,16,34,63,23,0.5,35.0,20.0,15.0,0.625,0,0,0,0,0,0,0,0,0.0,0.6,-25,-27,-42,-0.3157894736842105,-0.5625,-32.0
2018-12-16,Brighton,Chelsea,1.0,2.0,A,76,83,-7,16,21,40,-20,0.2368421052631579,19.0,22.0,-3.0,0.375,16,34,70,24,0.5526315789473685,33.0,13.0,20.0,0.625,0,0,0,0,0,0,0,0,0.4,0.4,-13,-30,-44,-0.31578947368421056,-0.25,-23.0
2018-12-16,Liverpool,Man United,3.0,1.0,H,83,82,1,16,42,75,46,0.5526315789473685,34.0,6.0,28.0,0.8125,16,26,81,40,0.6578947368421053,28.0,26.0,2.0,0.4375,1,1,0,0,0,0,0,0,1.0,0.2,16,-6,6,-0.10526315789473684,0.375,26.0
2018-12-21,Wolves,Liverpool,0.0,2.0,A,77,83,-6,17,25,-1,-1,0.0,19.0,19.0,0.0,0.4117647058823529,17,45,75,46,0.5526315789473685,37.0,7.0,30.0,0.8235294117647058,1,0,0,0,1,1,0,0,0.6,1.0,-20,-76,-47,-0.5526315789473685,-0.4117647058823529,-30.0
2018-12-22,Arsenal,Burnley,3.0,1.0,H,82,77,5,17,34,63,23,0.5,37.0,23.0,14.0,0.5882352941176471,17,12,54,-3,0.3684210526315789,15.0,33.0,-18.0,0.17647058823529413,0,0,0,0,0,0,0,0,0.6,0.2,22,9,26,0.13157894736842107,0.4117647058823529,32.0
2018-12-22,Man City,Crystal Palace,2.0,3.0,A,85,77,8,17,44,100,79,0.8421052631578947,48.0,10.0,38.0,0.8235294117647058,17,15,44,-10,0.2894736842105263,14.0,23.0,-9.0,0.23529411764705882,0,0,0,0,0,0,0,0,0.8,0.4,29,56,89,0.5526315789473684,0.588235294117647,47.0
2018-12-22,Newcastle,Fulham,0.0,0.0,D,77,75,2,17,16,44,-8,0.3157894736842105,14.0,22.0,-8.0,0.23529411764705882,17,9,-1,-1,0.0,16.0,42.0,-26.0,0.11764705882352941,0,0,0,0,0,0,0,0,0.4,0.2,7,45,-7,0.3157894736842105,0.11764705882352941,18.0
2018-12-22,Chelsea,Leicester,0.0,1.0,A,83,78,5,17,37,70,24,0.5526315789473685,35.0,14.0,21.0,0.6470588235294118,17,22,47,-4,0.3157894736842105,21.0,21.0,0.0,0.35294117647058826,0,0,0,0,0,0,0,0,0.6,0.2,15,23,28,0.23684210526315796,0.29411764705882354,21.0
2018-12-22,Huddersfield,Southampton,1.0,3.0,A,74,76,-2,17,10,37,-30,0.2368421052631579,10.0,28.0,-18.0,0.11764705882352941,17,12,36,-19,0.18421052631578946,16.0,32.0,-16.0,0.11764705882352941,0,0,1,0,0,0,0,0,0.2,0.2,-2,1,-11,0.052631578947368446,0.0,-2.0
2018-12-22,West Ham,Watford,0.0,2.0,A,79,77,2,17,24,42,-20,0.2631578947368421,25.0,25.0,0.0,0.4117647058823529,17,24,41,-20,0.2894736842105263,23.0,25.0,-2.0,0.4117647058823529,1,0,0,0,0,0,0,0,0.8,0.2,0,1,0,-0.026315789473684237,0.0,2.0
2018-12-22,Bournemouth,Brighton,2.0,0.0,H,77,76,1,17,23,44,-16,0.2894736842105263,25.0,28.0,-3.0,0.4117647058823529,17,21,40,-20,0.2368421052631579,20.0,24.0,-4.0,0.35294117647058826,0,0,0,0,0,0,0,0,0.2,0.4,2,4,4,0.05263157894736842,0.05882352941176466,1.0
2018-12-22,Cardiff,Man United,1.0,5.0,A,73,82,-9,17,14,-1,-1,0.0,17.0,33.0,-16.0,0.23529411764705882,17,26,81,40,0.6578947368421053,29.0,29.0,0.0,0.4117647058823529,0,0,0,0,0,0,0,0,0.4,0.2,-12,-82,-41,-0.6578947368421053,-0.1764705882352941,-16.0
2018-12-23,Everton,Tottenham,2.0,6.0,A,79,83,-4,17,24,49,-14,0.34210526315789475,24.0,22.0,2.0,0.35294117647058826,17,39,77,38,0.6052631578947368,31.0,16.0,15.0,0.7647058823529411,0,0,0,0,1,0,0,0,0.2,0.8,-15,-28,-52,-0.2631578947368421,-0.41176470588235287,-13.0
2018-12-26,Fulham,Wolves,1.0,1.0,D,75,77,-2,18,10,-1,-1,0.0,16.0,42.0,-26.0,0.1111111111111111,18,25,-1,-1,0.0,19.0,21.0,-2.0,0.3888888888888889,0,0,0,0,0,0,0,0,0.0,0.6,-15,0,0,0.0,-0.2777777777777778,-24.0
2018-12-26,Liverpool,Newcastle,4.0,0.0,H,83,77,6,18,48,75,46,0.5526315789473685,39.0,7.0,32.0,0.8333333333333334,18,17,44,-8,0.3157894736842105,14.0,22.0,-8.0,0.2222222222222222,1,1,0,0,0,0,0,0,1.0,0.2,31,31,54,0.23684210526315796,0.6111111111111112,40.0
2018-12-26,Tottenham,Bournemouth,5.0,0.0,H,83,77,6,18,42,77,38,0.6052631578947368,37.0,18.0,19.0,0.7777777777777778,18,26,44,-16,0.2894736842105263,27.0,28.0,-1.0,0.4444444444444444,1,0,0,0,0,0,0,0,0.8,0.4,16,33,54,0.3157894736842105,0.33333333333333337,20.0
2018-12-26,Man United,Huddersfield,3.0,1.0,H,82,74,8,18,29,81,40,0.6578947368421053,34.0,30.0,4.0,0.4444444444444444,18,10,37,-30,0.2368421052631579,11.0,31.0,-20.0,0.1111111111111111,0,0,0,0,0,0,1,1,0.4,0.0,19,44,70,0.4210526315789474,0.3333333333333333,24.0
2018-12-26,Leicester,Man City,2.0,1.0,H,78,85,-7,18,25,47,-4,0.3157894736842105,22.0,21.0,1.0,0.3888888888888889,18,44,100,79,0.8421052631578947,50.0,13.0,37.0,0.7777777777777778,0,0,0,0,0,0,0,0,0.4,0.6,-19,-53,-83,-0.5263157894736842,-0.3888888888888889,-36.0
2018-12-26,Burnley,Everton,1.0,5.0,A,77,79,-2,18,12,54,-3,0.3684210526315789,16.0,36.0,-20.0,0.16666666666666666,18,24,49,-14,0.34210526315789475,26.0,28.0,-2.0,0.3333333333333333,0,0,0,0,0,0,0,0,0.2,0.0,-12,5,11,0.02631578947368418,-0.16666666666666666,-18.0
2018-12-26,Crystal Palace,Cardiff,0.0,0.0,D,77,73,4,18,18,44,-10,0.2894736842105263,17.0,25.0,-8.0,0.2777777777777778,18,14,-1,-1,0.0,18.0,38.0,-20.0,0.2222222222222222,0,0,0,0,0,0,0,0,0.6,0.4,4,45,-9,0.2894736842105263,0.05555555555555558,12.0
2018-12-26,Brighton,Arsenal,1.0,1.0,D,76,82,-6,18,21,40,-20,0.2368421052631579,20.0,26.0,-6.0,0.3333333333333333,18,37,63,23,0.5,40.0,24.0,16.0,0.6111111111111112,0,0,1,0,0,0,0,0,0.4,0.6,-16,-23,-43,-0.2631578947368421,-0.27777777777777785,-22.0
2018-12-26,Watford,Chelsea,1.0,2.0,A,77,83,-6,18,27,41,-20,0.2894736842105263,25.0,25.0,0.0,0.4444444444444444,18,37,70,24,0.5526315789473685,35.0,15.0,20.0,0.6111111111111112,0,0,0,0,0,0,0,0,0.4,0.6,-10,-29,-44,-0.26315789473684215,-0.16666666666666674,-20.0
2018-12-27,Southampton,West Ham,1.0,2.0,A,76,79,-3,18,15,36,-19,0.18421052631578946,19.0,33.0,-14.0,0.16666666666666666,18,24,42,-20,0.2631578947368421,25.0,27.0,-2.0,0.3888888888888889,0,0,0,0,0,0,0,0,0.4,0.8,-9,-6,1,-0.07894736842105263,-0.22222222222222224,-12.0
2018-12-29,Leicester,Cardiff,0.0,1.0,A,78,73,5,19,28,47,-4,0.3157894736842105,24.0,22.0,2.0,0.42105263157894735,19,15,-1,-1,0.0,18.0,38.0,-20.0,0.21052631578947367,0,0,0,0,0,0,0,0,0.4,0.2,13,48,-3,0.3157894736842105,0.21052631578947367,22.0
2018-12-29,Brighton,Everton,1.0,0.0,H,76,79,-3,19,22,40,-20,0.2368421052631579,21.0,27.0,-6.0,0.3157894736842105,19,27,49,-14,0.34210526315789475,31.0,29.0,2.0,0.3684210526315789,0,0,0,0,0,0,0,0,0.2,0.2,-5,-9,-6,-0.10526315789473684,-0.05263157894736842,-8.0
2018-12-29,Watford,Newcastle,1.0,1.0,D,77,77,0,19,27,41,-20,0.2894736842105263,26.0,27.0,-1.0,0.42105263157894735,19,17,44,-8,0.3157894736842105,14.0,26.0,-12.0,0.21052631578947367,0,0,0,0,0,0,0,0,0.4,0.2,10,-3,-12,-0.02631578947368418,0.21052631578947367,11.0
2018-12-29,Fulham,Huddersfield,1.0,0.0,H,75,74,1,19,11,-1,-1,0.0,17.0,43.0,-26.0,0.10526315789473684,19,10,37,-30,0.2368421052631579,12.0,34.0,-22.0,0.10526315789473684,0,0,0,0,0,0,1,1,0.0,0.0,1,-38,29,-0.2368421052631579,0.0,-4.0
2018-12-29,Tottenham,Wolves,1.0,3.0,A,83,77,6,19,45,77,38,0.6052631578947368,42.0,18.0,24.0,0.7894736842105263,19,26,-1,-1,0.0,20.0,22.0,-2.0,0.3684210526315789,1,1,0,0,0,0,0,0,1.0,0.6,19,78,39,0.6052631578947368,0.4210526315789474,26.0
2018-12-29,Liverpool,Arsenal,5.0,1.0,H,83,82,1,19,51,75,46,0.5526315789473685,43.0,7.0,36.0,0.8421052631578947,19,38,63,23,0.5,41.0,25.0,16.0,0.5789473684210527,1,1,0,0,0,0,0,0,1.0,0.4,13,12,23,0.052631578947368474,0.26315789473684204,20.0
2018-12-30,Crystal Palace,Chelsea,0.0,1.0,A,77,83,-6,19,19,44,-10,0.2894736842105263,17.0,25.0,-8.0,0.2631578947368421,19,40,70,24,0.5526315789473685,37.0,16.0,21.0,0.631578947368421,0,0,0,0,0,0,0,0,0.4,0.6,-21,-26,-34,-0.26315789473684215,-0.3684210526315789,-29.0
2018-12-30,Burnley,West Ham,2.0,0.0,H,77,79,-2,19,12,54,-3,0.3684210526315789,17.0,41.0,-24.0,0.15789473684210525,19,27,42,-20,0.2631578947368421,27.0,28.0,-1.0,0.42105263157894735,0,0,1,0,0,0,0,0,0.2,0.8,-15,12,17,0.10526315789473684,-0.2631578947368421,-23.0
2018-12-30,Southampton,Man City,1.0,3.0,A,76,85,-9,19,15,36,-19,0.18421052631578946,20.0,35.0,-15.0,0.15789473684210525,19,44,100,79,0.8421052631578947,51.0,15.0,36.0,0.7368421052631579,0,0,0,0,0,0,0,0,0.4,0.4,-29,-64,-98,-0.6578947368421052,-0.5789473684210527,-51.0
2018-12-30,Man United,Bournemouth,4.0,1.0,H,82,77,5,19,32,81,40,0.6578947368421053,37.0,31.0,6.0,0.47368421052631576,19,26,44,-16,0.2894736842105263,27.0,33.0,-6.0,0.42105263157894735,0,0,0,0,0,0,0,0,0.6,0.4,6,37,56,0.368421052631579,0.05263157894736842,12.0
2019-01-01,Everton,Leicester,0.0,1.0,A,79,78,1,20,27,49,-14,0.34210526315789475,31.0,30.0,1.0,0.35,20,28,47,-4,0.3157894736842105,24.0,23.0,1.0,0.4,0,0,0,0,0,0,0,0,0.2,0.4,-1,2,-10,0.026315789473684237,-0.050000000000000044,0.0
2019-01-01,Arsenal,Fulham,4.0,1.0,H,82,75,7,20,38,63,23,0.5,42.0,30.0,12.0,0.55,20,14,-1,-1,0.0,18.0,43.0,-25.0,0.15,0,0,0,0,0,0,0,0,0.4,0.2,24,64,24,0.5,0.4,37.0
2019-01-01,Cardiff,Tottenham,0.0,3.0,A,73,83,-10,20,18,-1,-1,0.0,19.0,38.0,-19.0,0.25,20,45,77,38,0.6052631578947368,43.0,21.0,22.0,0.75,0,0,0,0,0,0,0,0,0.4,0.8,-27,-78,-39,-0.6052631578947368,-0.5,-41.0
2019-01-02,Wolves,Crystal Palace,0.0,2.0,A,77,77,0,20,29,-1,-1,0.0,23.0,23.0,0.0,0.4,20,19,44,-10,0.2894736842105263,17.0,26.0,-9.0,0.25,0,0,0,0,0,0,0,0,0.6,0.4,10,-45,9,-0.2894736842105263,0.15000000000000002,9.0
2019-01-02,Chelsea,Southampton,0.0,0.0,D,83,76,7,20,43,70,24,0.5526315789473685,38.0,16.0,22.0,0.65,20,15,36,-19,0.18421052631578946,21.0,38.0,-17.0,0.15,0,0,0,0,0,0,0,0,0.8,0.4,28,34,43,0.368421052631579,0.5,39.0
2019-01-02,Huddersfield,Burnley,1.0,2.0,A,74,77,-3,20,10,37,-30,0.2368421052631579,12.0,35.0,-23.0,0.1,20,15,54,-3,0.3684210526315789,19.0,41.0,-22.0,0.2,0,0,1,1,0,0,0,0,0.0,0.4,-5,-17,-27,-0.13157894736842102,-0.1,-1.0
2019-01-02,West Ham,Brighton,2.0,2.0,D,79,76,3,20,27,42,-20,0.2631578947368421,27.0,30.0,-3.0,0.4,20,25,40,-20,0.2368421052631579,22.0,27.0,-5.0,0.35,0,0,0,0,0,0,0,0,0.6,0.2,2,2,0,0.02631578947368418,0.050000000000000044,2.0
2019-01-02,Bournemouth,Watford,3.0,3.0,D,77,77,0,20,26,44,-16,0.2894736842105263,28.0,37.0,-9.0,0.4,20,28,41,-20,0.2894736842105263,27.0,28.0,-1.0,0.4,0,0,0,0,0,0,0,0,0.2,0.4,-2,3,4,0.0,0.0,-8.0
2019-01-02,Newcastle,Man United,0.0,2.0,A,77,82,-5,20,18,44,-8,0.3157894736842105,15.0,27.0,-12.0,0.2,20,35,81,40,0.6578947368421053,41.0,32.0,9.0,0.5,0,0,0,0,1,0,0,0,0.2,0.8,-17,-37,-48,-0.3421052631578948,-0.3,-21.0
2019-01-03,Man City,Liverpool,2.0,1.0,H,85,83,2,20,47,100,79,0.8421052631578947,54.0,16.0,38.0,0.75,20,54,75,46,0.5526315789473685,48.0,8.0,40.0,0.85,0,0,0,0,1,1,0,0,0.4,1.0,-7,25,33,0.2894736842105262,-0.09999999999999998,-2.0
2019-01-12,West Ham,Arsenal,1.0,0.0,H,79,82,-3,21,28,42,-20,0.2631578947368421,29.0,32.0,-3.0,0.38095238095238093,21,41,63,23,0.5,46.0,31.0,15.0,0.5714285714285714,0,0,0,0,0,0,0,0,0.4,0.4,-13,-21,-43,-0.2368421052631579,-0.19047619047619047,-18.0
2019-01-12,Leicester,Southampton,1.0,2.0,A,78,76,2,21,31,47,-4,0.3157894736842105,25.0,23.0,2.0,0.42857142857142855,21,16,36,-19,0.18421052631578946,21.0,38.0,-17.0,0.14285714285714285,0,0,0,0,0,0,0,0,0.6,0.4,15,11,15,0.13157894736842105,0.2857142857142857,19.0
2019-01-12,Burnley,Fulham,2.0,1.0,H,77,75,2,21,18,54,-3,0.3684210526315789,21.0,42.0,-21.0,0.23809523809523808,21,14,-1,-1,0.0,19.0,47.0,-28.0,0.14285714285714285,0,0,0,0,0,0,0,0,0.4,0.2,4,55,-2,0.3684210526315789,0.09523809523809523,7.0
2019-01-12,Cardiff,Huddersfield,0.0,0.0,D,73,74,-1,21,18,-1,-1,0.0,19.0,41.0,-22.0,0.23809523809523808,21,10,37,-30,0.2368421052631579,13.0,37.0,-24.0,0.09523809523809523,0,0,0,0,0,0,1,1,0.2,0.0,8,-38,29,-0.2368421052631579,0.14285714285714285,2.0
2019-01-12,Crystal Palace,Watford,1.0,2.0,A,77,77,0,21,22,44,-10,0.2894736842105263,19.0,26.0,-7.0,0.2857142857142857,21,29,41,-20,0.2894736842105263,30.0,31.0,-1.0,0.38095238095238093,0,0,0,0,0,0,0,0,0.6,0.4,-7,3,10,0.0,-0.09523809523809523,-6.0
2019-01-12,Brighton,Liverpool,0.0,1.0,A,76,83,-7,21,26,40,-20,0.2368421052631579,24.0,29.0,-5.0,0.3333333333333333,21,54,75,46,0.5526315789473685,49.0,10.0,39.0,0.8095238095238095,0,0,0,0,0,0,0,0,0.2,0.8,-28,-35,-66,-0.31578947368421056,-0.4761904761904762,-44.0
2019-01-12,Chelsea,Newcastle,2.0,1.0,H,83,77,6,21,44,70,24,0.5526315789473685,38.0,16.0,22.0,0.6190476190476191,21,18,44,-8,0.3157894736842105,15.0,29.0,-14.0,0.19047619047619047,0,0,0,0,0,0,0,0,0.6,0.2,26,26,32,0.23684210526315796,0.4285714285714286,36.0
2019-01-13,Everton,Bournemouth,2.0,0.0,H,79,77,2,21,27,49,-14,0.34210526315789475,31.0,31.0,0.0,0.3333333333333333,21,27,44,-16,0.2894736842105263,31.0,40.0,-9.0,0.38095238095238093,0,0,0,0,0,0,0,0,0.2,0.2,0,5,2,0.05263157894736842,-0.047619047619047616,9.0
2019-01-13,Tottenham,Man United,0.0,1.0,A,83,82,1,21,48,77,38,0.6052631578947368,46.0,21.0,25.0,0.7619047619047619,21,38,81,40,0.6578947368421053,43.0,32.0,11.0,0.5238095238095238,0,0,0,0,1,0,0,0,0.8,0.8,10,-4,-2,-0.052631578947368474,0.23809523809523803,14.0
2019-01-14,Man City,Wolves,3.0,0.0,H,85,77,8,21,50,100,79,0.8421052631578947,56.0,17.0,39.0,0.7619047619047619,21,29,-1,-1,0.0,23.0,25.0,-2.0,0.38095238095238093,0,0,0,0,0,0,0,0,0.6,0.4,21,101,80,0.8421052631578947,0.38095238095238093,41.0
2019-01-19,Wolves,Leicester,4.0,3.0,H,77,78,-1,22,29,-1,-1,0.0,23.0,28.0,-5.0,0.36363636363636365,22,31,47,-4,0.3157894736842105,26.0,25.0,1.0,0.4090909090909091,0,0,0,0,0,0,0,0,0.2,0.6,-2,-48,3,-0.3157894736842105,-0.04545454545454547,-6.0
2019-01-19,Liverpool,Crystal Palace,4.0,3.0,H,83,77,6,22,57,75,46,0.5526315789473685,50.0,10.0,40.0,0.8181818181818182,22,22,44,-10,0.2894736842105263,20.0,28.0,-8.0,0.2727272727272727,0,0,0,0,0,0,0,0,0.8,0.4,35,31,56,0.26315789473684215,0.5454545454545455,48.0
2019-01-19,Newcastle,Cardiff,3.0,0.0,H,77,73,4,22,18,44,-8,0.3157894736842105,16.0,31.0,-15.0,0.18181818181818182,22,19,-1,-1,0.0,19.0,41.0,-22.0,0.22727272727272727,0,0,0,0,0,0,0,0,0.0,0.2,-1,45,-7,0.3157894736842105,-0.04545454545454544,7.0
2019-01-19,Man United,Brighton,2.0,1.0,H,82,76,6,22,41,81,40,0.6578947368421053,44.0,32.0,12.0,0.5454545454545454,22,26,40,-20,0.2368421052631579,24.0,30.0,-6.0,0.3181818181818182,1,1,0,0,0,0,0,0,1.0,0.2,15,41,60,0.4210526315789474,0.22727272727272724,18.0
2019-01-19,Southampton,Everton,2.0,1.0,H,76,79,-3,22,19,36,-19,0.18421052631578946,23.0,39.0,-16.0,0.18181818181818182,22,30,49,-14,0.34210526315789475,33.0,31.0,2.0,0.36363636363636365,0,0,0,0,0,0,0,0,0.4,0.4,-11,-13,-5,-0.15789473684210528,-0.18181818181818182,-18.0
2019-01-19,Watford,Burnley,0.0,0.0,D,77,77,0,22,32,41,-20,0.2894736842105263,32.0,32.0,0.0,0.4090909090909091,22,21,54,-3,0.3684210526315789,23.0,43.0,-20.0,0.2727272727272727,0,0,0,0,1,0,0,0,0.4,0.6,11,-13,-17,-0.0789473684210526,0.1363636363636364,20.0
2019-01-19,Bournemouth,West Ham,2.0,0.0,H,77,79,-2,22,27,44,-16,0.2894736842105263,31.0,42.0,-11.0,0.36363636363636365,22,31,42,-20,0.2631578947368421,30.0,32.0,-2.0,0.4090909090909091,0,0,0,0,0,0,0,0,0.2,0.4,-4,2,4,0.026315789473684237,-0.04545454545454547,-9.0
2019-01-19,Arsenal,Chelsea,2.0,0.0,H,82,83,-1,22,41,63,23,0.5,46.0,32.0,14.0,0.5454545454545454,22,47,70,24,0.5526315789473685,40.0,17.0,23.0,0.6363636363636364,0,0,0,0,0,0,0,0,0.4,0.6,-6,-7,-1,-0.052631578947368474,-0.09090909090909094,-9.0
2019-01-20,Huddersfield,Man City,0.0,3.0,A,74,85,-11,22,11,37,-30,0.2368421052631579,13.0,37.0,-24.0,0.09090909090909091,22,53,100,79,0.8421052631578947,59.0,17.0,42.0,0.7727272727272727,0,0,0,0,1,0,0,0,0.0,0.6,-42,-63,-109,-0.6052631578947367,-0.6818181818181818,-66.0
2019-01-20,Fulham,Tottenham,1.0,2.0,A,75,83,-8,22,14,-1,-1,0.0,20.0,49.0,-29.0,0.13636363636363635,22,48,77,38,0.6052631578947368,46.0,22.0,24.0,0.7272727272727273,0,0,0,0,0,0,0,0,0.2,0.6,-34,-78,-39,-0.6052631578947368,-0.5909090909090909,-53.0
2019-01-29,Wolves,West Ham,3.0,0.0,H,77,79,-2,23,32,-1,-1,0.0,27.0,31.0,-4.0,0.391304347826087,23,31,42,-20,0.2631578947368421,30.0,34.0,-4.0,0.391304347826087,0,0,0,0,0,0,0,0,0.4,0.4,1,-43,19,-0.2631578947368421,0.0,0.0
2019-01-29,Fulham,Brighton,4.0,2.0,H,75,76,-1,23,14,-1,-1,0.0,21.0,51.0,-30.0,0.13043478260869565,23,26,40,-20,0.2368421052631579,25.0,32.0,-7.0,0.30434782608695654,0,0,1,0,0,0,0,0,0.2,0.2,-12,-41,19,-0.2368421052631579,-0.1739130434782609,-23.0
2019-01-29,Arsenal,Cardiff,2.0,1.0,H,82,73,9,23,44,63,23,0.5,48.0,32.0,16.0,0.5652173913043478,23,19,-1,-1,0.0,19.0,44.0,-25.0,0.21739130434782608,0,0,0,0,0,0,0,0,0.4,0.2,25,64,24,0.5,0.34782608695652173,41.0
2019-01-29,Huddersfield,Everton,0.0,1.0,A,74,79,-5,23,11,37,-30,0.2368421052631579,13.0,40.0,-27.0,0.08695652173913043,23,30,49,-14,0.34210526315789475,34.0,33.0,1.0,0.34782608695652173,0,0,0,0,0,0,0,0,0.0,0.4,-19,-12,-16,-0.10526315789473684,-0.2608695652173913,-28.0
2019-01-29,Man United,Burnley,2.0,2.0,D,82,77,5,23,44,81,40,0.6578947368421053,46.0,33.0,13.0,0.5652173913043478,23,22,54,-3,0.3684210526315789,23.0,43.0,-20.0,0.2608695652173913,1,1,0,0,0,0,0,0,1.0,0.6,22,27,43,0.2894736842105264,0.3043478260869565,33.0
2019-01-29,Newcastle,Man City,2.0,1.0,H,77,85,-8,23,21,44,-8,0.3157894736842105,19.0,31.0,-12.0,0.21739130434782608,23,56,100,79,0.8421052631578947,62.0,17.0,45.0,0.782608695652174,0,0,0,0,1,0,0,0,0.2,0.8,-35,-56,-87,-0.5263157894736842,-0.5652173913043479,-57.0
2019-01-30,Bournemouth,Chelsea,4.0,0.0,H,77,83,-6,23,30,44,-16,0.2894736842105263,33.0,42.0,-9.0,0.391304347826087,23,47,70,24,0.5526315789473685,40.0,19.0,21.0,0.6086956521739131,0,0,0,0,0,0,0,0,0.2,0.6,-17,-26,-40,-0.26315789473684215,-0.2173913043478261,-30.0
2019-01-30,Southampton,Crystal Palace,1.0,1.0,D,76,77,-1,23,22,36,-19,0.18421052631578946,25.0,40.0,-15.0,0.21739130434782608,23,22,44,-10,0.2894736842105263,23.0,32.0,-9.0,0.2608695652173913,0,0,0,0,0,0,0,0,0.4,0.2,0,-8,-9,-0.10526315789473686,-0.043478260869565216,-6.0
2019-01-30,Liverpool,Leicester,1.0,1.0,D,83,78,5,23,60,75,46,0.5526315789473685,54.0,13.0,41.0,0.8260869565217391,23,31,47,-4,0.3157894736842105,29.0,29.0,0.0,0.391304347826087,0,0,0,0,0,0,0,0,0.8,0.4,29,28,50,0.23684210526315796,0.43478260869565216,41.0
2019-01-30,Tottenham,Watford,2.0,1.0,H,83,77,6,23,51,77,38,0.6052631578947368,48.0,23.0,25.0,0.7391304347826086,23,33,41,-20,0.2894736842105263,32.0,32.0,0.0,0.391304347826087,0,0,0,0,0,0,0,0,0.6,0.2,18,36,58,0.3157894736842105,0.3478260869565217,25.0
2019-02-02,Tottenham,Newcastle,1.0,0.0,H,83,77,6,24,54,77,38,0.6052631578947368,50.0,24.0,26.0,0.75,24,24,44,-8,0.3157894736842105,21.0,32.0,-11.0,0.25,0,0,0,0,0,0,0,0,0.6,0.4,30,33,46,0.2894736842105263,0.5,37.0
2019-02-02,Chelsea,Huddersfield,5.0,0.0,H,83,74,9,24,47,70,24,0.5526315789473685,40.0,23.0,17.0,0.5833333333333334,24,11,37,-30,0.2368421052631579,13.0,41.0,-28.0,0.08333333333333333,0,0,0,0,0,0,0,0,0.4,0.0,36,33,54,0.31578947368421056,0.5,45.0
2019-02-02,Everton,Wolves,1.0,3.0,A,79,77,2,24,33,49,-14,0.34210526315789475,35.0,33.0,2.0,0.375,24,35,-1,-1,0.0,30.0,31.0,-1.0,0.4166666666666667,0,0,0,0,0,0,0,0,0.4,0.6,-2,50,-13,0.34210526315789475,-0.041666666666666685,3.0
2019-02-02,Burnley,Southampton,1.0,1.0,D,77,76,1,24,23,54,-3,0.3684210526315789,25.0,45.0,-20.0,0.25,24,23,36,-19,0.18421052631578946,26.0,41.0,-15.0,0.20833333333333334,0,0,0,0,0,0,0,0,0.6,0.4,0,18,16,0.18421052631578946,0.04166666666666666,-5.0
2019-02-02,Crystal Palace,Fulham,2.0,0.0,H,77,75,2,24,23,44,-10,0.2894736842105263,24.0,33.0,-9.0,0.25,24,17,-1,-1,0.0,25.0,53.0,-28.0,0.16666666666666666,0,0,0,0,0,0,0,0,0.2,0.4,6,45,-9,0.2894736842105263,0.08333333333333334,19.0
2019-02-02,Brighton,Watford,0.0,0.0,D,76,77,-1,24,26,40,-20,0.2368421052631579,27.0,36.0,-9.0,0.2916666666666667,24,33,41,-20,0.2894736842105263,33.0,34.0,-1.0,0.375,0,0,1,0,0,0,0,0,0.2,0.2,-7,-1,0,-0.05263157894736842,-0.08333333333333331,-8.0
2019-02-02,Cardiff,Bournemouth,2.0,0.0,H,73,77,-4,24,19,-1,-1,0.0,20.0,46.0,-26.0,0.20833333333333334,24,33,44,-16,0.2894736842105263,37.0,42.0,-5.0,0.4166666666666667,0,0,0,0,0,0,0,0,0.2,0.4,-14,-45,15,-0.2894736842105263,-0.20833333333333334,-21.0
2019-02-03,Leicester,Man United,0.0,1.0,A,78,82,-4,24,32,47,-4,0.3157894736842105,30.0,30.0,0.0,0.375,24,45,81,40,0.6578947368421053,48.0,35.0,13.0,0.5416666666666666,0,0,0,0,0,0,0,0,0.2,0.8,-13,-34,-44,-0.3421052631578948,-0.16666666666666663,-13.0
2019-02-03,Man City,Arsenal,3.0,1.0,H,85,82,3,24,56,100,79,0.8421052631578947,63.0,19.0,44.0,0.75,24,47,63,23,0.5,50.0,33.0,17.0,0.5833333333333334,0,0,0,0,0,0,0,0,0.8,0.6,9,37,56,0.3421052631578947,0.16666666666666663,27.0
2019-02-04,West Ham,Liverpool,1.0,1.0,D,79,83,-4,24,31,42,-20,0.2631578947368421,30.0,37.0,-7.0,0.375,24,61,75,46,0.5526315789473685,55.0,14.0,41.0,0.7916666666666666,0,0,0,0,0,0,0,0,0.2,0.6,-30,-33,-66,-0.2894736842105264,-0.41666666666666663,-48.0
2019-02-06,Everton,Man City,0.0,2.0,A,79,85,-6,25,33,49,-14,0.34210526315789475,36.0,36.0,0.0,0.36,25,59,100,79,0.8421052631578947,66.0,20.0,46.0,0.76,0,0,0,0,0,0,0,0,0.4,0.8,-26,-51,-93,-0.49999999999999994,-0.4,-46.0
2019-02-09,Fulham,Man United,0.0,3.0,A,75,82,-7,25,17,-1,-1,0.0,25.0,55.0,-30.0,0.16,25,48,81,40,0.6578947368421053,49.0,35.0,14.0,0.56,0,0,0,0,0,0,0,0,0.2,0.8,-31,-82,-41,-0.6578947368421053,-0.4,-44.0
2019-02-09,Liverpool,Bournemouth,3.0,0.0,H,83,77,6,25,62,75,46,0.5526315789473685,56.0,15.0,41.0,0.76,25,33,44,-16,0.2894736842105263,37.0,44.0,-7.0,0.4,0,0,0,0,0,0,0,0,0.4,0.4,29,31,62,0.26315789473684215,0.36,48.0
2019-02-09,Huddersfield,Arsenal,1.0,2.0,A,74,82,-8,25,11,37,-30,0.2368421052631579,13.0,46.0,-33.0,0.08,25,47,63,23,0.5,51.0,36.0,15.0,0.56,0,0,1,0,0,0,0,0,0.0,0.6,-36,-26,-53,-0.2631578947368421,-0.48000000000000004,-48.0
2019-02-09,Southampton,Cardiff,1.0,2.0,A,76,73,3,25,24,36,-19,0.18421052631578946,27.0,42.0,-15.0,0.2,25,22,-1,-1,0.0,22.0,46.0,-24.0,0.24,0,0,0,0,0,0,0,0,0.4,0.2,2,37,-18,0.18421052631578946,-0.03999999999999998,9.0
2019-02-09,Crystal Palace,West Ham,1.0,1.0,D,77,79,-2,25,26,44,-10,0.2894736842105263,26.0,33.0,-7.0,0.28,25,32,42,-20,0.2631578947368421,31.0,38.0,-7.0,0.36,0,0,0,0,0,0,0,0,0.4,0.2,-6,2,10,0.026315789473684237,-0.07999999999999996,0.0
2019-02-09,Watford,Everton,1.0,0.0,H,77,79,-2,25,34,41,-20,0.2894736842105263,33.0,34.0,-1.0,0.36,26,33,49,-14,0.34210526315789475,36.0,38.0,-2.0,0.34615384615384615,0,0,0,0,0,0,0,0,0.2,0.4,1,-8,-6,-0.05263157894736842,0.013846153846153841,1.0
2019-02-09,Brighton,Burnley,1.0,3.0,A,76,77,-1,25,27,40,-20,0.2368421052631579,27.0,36.0,-9.0,0.28,25,24,54,-3,0.3684210526315789,26.0,46.0,-20.0,0.24,0,0,0,0,0,0,0,0,0.0,0.4,3,-14,-17,-0.13157894736842102,0.040000000000000036,11.0
2019-02-10,Tottenham,Leicester,3.0,1.0,H,83,78,5,25,57,77,38,0.6052631578947368,51.0,24.0,27.0,0.76,25,32,47,-4,0.3157894736842105,30.0,31.0,-1.0,0.36,1,0,0,0,0,0,0,0,0.8,0.2,25,30,42,0.2894736842105263,0.4,28.0
2019-02-10,Man City,Chelsea,6.0,0.0,H,85,83,2,26,62,100,79,0.8421052631578947,68.0,20.0,48.0,0.7692307692307693,25,50,70,24,0.5526315789473685,45.0,23.0,22.0,0.6,0,0,0,0,0,0,0,0,0.8,0.4,12,30,55,0.2894736842105262,0.1692307692307693,26.0
2019-02-11,Wolves,Newcastle,1.0,1.0,D,77,77,0,25,38,-1,-1,0.0,33.0,32.0,1.0,0.44,25,24,44,-8,0.3157894736842105,21.0,33.0,-12.0,0.24,1,0,0,0,0,0,0,0,0.6,0.4,14,-45,7,-0.3157894736842105,0.2,13.0
2019-02-22,Cardiff,Watford,1.0,5.0,A,73,77,-4,26,25,-1,-1,0.0,24.0,47.0,-23.0,0.2692307692307692,26,37,41,-20,0.2894736842105263,34.0,34.0,0.0,0.38461538461538464,0,0,0,0,0,0,0,0,0.4,0.4,-12,-42,19,-0.2894736842105263,-0.11538461538461542,-23.0
2019-02-22,West Ham,Fulham,3.0,1.0,H,79,75,4,26,33,42,-20,0.2631578947368421,32.0,39.0,-7.0,0.34615384615384615,26,17,-1,-1,0.0,25.0,58.0,-33.0,0.15384615384615385,0,0,0,0,0,0,0,0,0.2,0.2,16,43,-19,0.2631578947368421,0.1923076923076923,26.0
2019-02-23,Burnley,Tottenham,2.0,1.0,H,77,83,-6,26,27,54,-3,0.3684210526315789,29.0,47.0,-18.0,0.2692307692307692,26,60,77,38,0.6052631578947368,54.0,25.0,29.0,0.7692307692307693,0,0,0,0,1,0,0,0,0.4,0.8,-33,-23,-41,-0.2368421052631579,-0.5,-47.0
2019-02-23,Newcastle,Huddersfield,2.0,0.0,H,77,74,3,26,25,44,-8,0.3157894736842105,22.0,34.0,-12.0,0.23076923076923078,26,11,37,-30,0.2368421052631579,14.0,48.0,-34.0,0.07692307692307693,0,0,0,0,0,0,1,0,0.4,0.0,14,7,22,0.0789473684210526,0.15384615384615385,22.0
2019-02-23,Bournemouth,Wolves,1.0,1.0,D,77,77,0,26,33,44,-16,0.2894736842105263,37.0,47.0,-10.0,0.38461538461538464,26,39,-1,-1,0.0,34.0,33.0,1.0,0.4230769230769231,0,0,0,0,0,0,0,0,0.4,0.6,-6,45,-15,0.2894736842105263,-0.038461538461538436,-11.0
2019-02-23,Leicester,Crystal Palace,1.0,4.0,A,78,77,1,26,32,47,-4,0.3157894736842105,31.0,34.0,-3.0,0.34615384615384615,26,27,44,-10,0.2894736842105263,27.0,34.0,-7.0,0.2692307692307692,0,0,0,0,0,0,0,0,0.0,0.2,5,3,6,0.02631578947368418,0.07692307692307693,4.0
2019-02-24,Arsenal,Southampton,2.0,0.0,H,82,76,6,26,50,63,23,0.5,53.0,37.0,16.0,0.5769230769230769,26,24,36,-19,0.18421052631578946,28.0,44.0,-16.0,0.19230769230769232,0,0,0,0,0,0,0,0,0.6,0.4,26,27,42,0.3157894736842105,0.3846153846153846,32.0
2019-02-24,Man United,Liverpool,0.0,0.0,D,82,83,-1,26,51,81,40,0.6578947368421053,52.0,35.0,17.0,0.5769230769230769,26,65,75,46,0.5526315789473685,59.0,15.0,44.0,0.7692307692307693,0,0,0,0,0,0,0,0,0.8,0.6,-14,6,-6,0.10526315789473684,-0.1923076923076924,-27.0
2019-02-26,Leicester,Brighton,2.0,1.0,H,78,76,2,27,32,47,-4,0.3157894736842105,32.0,38.0,-6.0,0.3333333333333333,26,27,40,-20,0.2368421052631579,28.0,39.0,-11.0,0.2692307692307692,0,0,1,0,0,0,0,0,0.0,0.0,5,7,16,0.0789473684210526,0.0641025641025641,5.0
2019-02-26,Huddersfield,Wolves,1.0,0.0,H,74,77,-3,27,11,37,-30,0.2368421052631579,14.0,50.0,-36.0,0.07407407407407407,27,40,-1,-1,0.0,35.0,34.0,1.0,0.4074074074074074,0,0,1,1,0,0,0,0,0.0,0.6,-29,38,-29,0.2368421052631579,-0.3333333333333333,-37.0
2019-02-26,Cardiff,Everton,0.0,3.0,A,73,79,-6,27,25,-1,-1,0.0,25.0,52.0,-27.0,0.25925925925925924,27,33,49,-14,0.34210526315789475,36.0,39.0,-3.0,0.3333333333333333,0,0,0,0,0,0,1,0,0.4,0.2,-8,-50,13,-0.34210526315789475,-0.07407407407407407,-24.0
2019-02-26,Newcastle,Burnley,2.0,0.0,H,77,77,0,27,28,44,-8,0.3157894736842105,24.0,34.0,-10.0,0.25925925925925924,27,30,54,-3,0.3684210526315789,31.0,48.0,-17.0,0.2962962962962963,0,0,0,0,0,0,0,0,0.6,0.4,-2,-10,-5,-0.05263157894736842,-0.037037037037037035,7.0
2019-02-27,Arsenal,Bournemouth,5.0,1.0,H,82,77,5,27,53,63,23,0.5,55.0,37.0,18.0,0.5925925925925926,27,34,44,-16,0.2894736842105263,38.0,48.0,-10.0,0.37037037037037035,0,0,0,0,0,0,0,0,0.8,0.4,19,19,39,0.21052631578947367,0.2222222222222222,28.0
2019-02-27,Southampton,Fulham,2.0,0.0,H,76,75,1,27,24,36,-19,0.18421052631578946,28.0,46.0,-18.0,0.18518518518518517,27,17,-1,-1,0.0,26.0,61.0,-35.0,0.14814814814814814,0,0,0,0,0,0,1,0,0.2,0.2,7,37,-18,0.18421052631578946,0.037037037037037035,17.0
2019-02-27,Crystal Palace,Man United,1.0,3.0,A,77,82,-5,27,30,44,-10,0.2894736842105263,31.0,35.0,-4.0,0.2962962962962963,27,52,81,40,0.6578947368421053,52.0,35.0,17.0,0.5555555555555556,0,0,0,0,0,0,0,0,0.4,0.6,-22,-37,-50,-0.368421052631579,-0.2592592592592593,-21.0
2019-02-27,Liverpool,Watford,5.0,0.0,H,83,77,6,27,66,75,46,0.5526315789473685,59.0,15.0,44.0,0.7407407407407407,27,40,41,-20,0.2894736842105263,39.0,35.0,4.0,0.4074074074074074,0,0,0,0,0,0,0,0,0.4,0.4,26,34,66,0.26315789473684215,0.3333333333333333,40.0
2019-02-27,Man City,West Ham,1.0,0.0,H,85,79,6,27,65,100,79,0.8421052631578947,74.0,20.0,54.0,0.7777777777777778,27,36,42,-20,0.2631578947368421,35.0,40.0,-5.0,0.37037037037037035,1,0,0,0,0,0,0,0,0.8,0.2,29,58,99,0.5789473684210527,0.40740740740740744,59.0
2019-02-27,Chelsea,Tottenham,2.0,0.0,H,83,83,0,26,50,70,24,0.5526315789473685,45.0,29.0,16.0,0.5769230769230769,27,60,77,38,0.6052631578947368,55.0,27.0,28.0,0.7407407407407407,0,0,0,0,0,0,0,0,0.4,0.8,-10,-7,-14,-0.05263157894736836,-0.16381766381766383,-12.0
2019-03-02,Tottenham,Arsenal,1.0,1.0,D,83,82,1,28,60,77,38,0.6052631578947368,55.0,29.0,26.0,0.7142857142857143,28,56,63,23,0.5,60.0,38.0,22.0,0.6071428571428571,0,0,0,0,1,0,0,0,0.6,0.8,4,14,15,0.10526315789473684,0.1071428571428572,4.0
2019-03-02,Wolves,Cardiff,2.0,0.0,H,77,73,4,28,40,-1,-1,0.0,35.0,35.0,0.0,0.39285714285714285,28,25,-1,-1,0.0,25.0,55.0,-30.0,0.25,0,0,0,0,0,0,0,0,0.4,0.4,15,0,0,0.0,0.14285714285714285,30.0
2019-03-02,Man United,Southampton,3.0,2.0,H,82,76,6,28,55,81,40,0.6578947368421053,55.0,36.0,19.0,0.5714285714285714,28,27,36,-19,0.18421052631578946,30.0,46.0,-16.0,0.21428571428571427,0,0,0,0,0,0,0,0,0.6,0.2,28,45,59,0.4736842105263158,0.3571428571428571,35.0
2019-03-02,Burnley,Crystal Palace,1.0,3.0,A,77,77,0,28,30,54,-3,0.3684210526315789,31.0,50.0,-19.0,0.2857142857142857,28,30,44,-10,0.2894736842105263,32.0,38.0,-6.0,0.2857142857142857,0,0,0,0,0,0,0,0,0.4,0.4,0,10,7,0.0789473684210526,0.0,-13.0
2019-03-02,Brighton,Huddersfield,1.0,0.0,H,76,74,2,27,27,40,-20,0.2368421052631579,29.0,41.0,-12.0,0.25925925925925924,28,14,37,-30,0.2368421052631579,15.0,50.0,-35.0,0.10714285714285714,0,0,0,0,0,0,0,0,0.0,0.2,13,3,10,0.0,0.1521164021164021,23.0
2019-03-02,Bournemouth,Man City,0.0,1.0,A,77,85,-8,28,34,44,-16,0.2894736842105263,39.0,53.0,-14.0,0.35714285714285715,28,68,100,79,0.8421052631578947,75.0,20.0,55.0,0.7857142857142857,0,0,0,0,1,0,0,0,0.2,0.8,-34,-56,-95,-0.5526315789473684,-0.42857142857142855,-69.0
2019-03-02,West Ham,Newcastle,2.0,0.0,H,79,77,2,28,36,42,-20,0.2631578947368421,35.0,41.0,-6.0,0.35714285714285715,28,31,44,-8,0.3157894736842105,26.0,34.0,-8.0,0.2857142857142857,0,0,0,0,0,0,0,0,0.2,0.6,5,-2,-12,-0.05263157894736842,0.07142857142857145,2.0
2019-03-03,Watford,Leicester,2.0,1.0,H,77,78,-1,28,40,41,-20,0.2894736842105263,39.0,40.0,-1.0,0.39285714285714285,28,35,47,-4,0.3157894736842105,34.0,39.0,-5.0,0.35714285714285715,0,0,0,0,0,0,0,0,0.4,0.2,5,-6,-16,-0.02631578947368418,0.0357142857142857,4.0
2019-03-03,Fulham,Chelsea,1.0,2.0,A,75,83,-8,28,17,-1,-1,0.0,26.0,63.0,-37.0,0.14285714285714285,27,53,70,24,0.5526315789473685,47.0,29.0,18.0,0.5925925925925926,0,0,1,0,0,0,0,0,0.2,0.4,-36,-71,-25,-0.5526315789473685,-0.4497354497354497,-55.0
2019-03-03,Everton,Liverpool,0.0,0.0,D,79,83,-4,28,36,49,-14,0.34210526315789475,39.0,39.0,0.0,0.35714285714285715,28,69,75,46,0.5526315789473685,64.0,15.0,49.0,0.75,0,0,0,0,0,0,0,0,0.4,0.4,-33,-26,-60,-0.21052631578947373,-0.39285714285714285,-49.0
2019-03-09,Crystal Palace,Brighton,1.0,2.0,A,77,76,1,29,33,44,-10,0.2894736842105263,35.0,39.0,-4.0,0.3103448275862069,28,30,40,-20,0.2368421052631579,30.0,41.0,-11.0,0.2857142857142857,0,0,0,0,0,0,0,0,0.6,0.2,3,4,10,0.05263157894736842,0.024630541871921208,7.0
2019-03-09,Newcastle,Everton,3.0,2.0,H,77,79,-2,29,31,44,-8,0.3157894736842105,26.0,36.0,-10.0,0.27586206896551724,29,37,49,-14,0.34210526315789475,39.0,39.0,0.0,0.3448275862068966,0,0,0,0,0,0,0,0,0.4,0.2,-6,-5,6,-0.026315789473684237,-0.06896551724137934,-10.0
2019-03-09,Leicester,Fulham,3.0,1.0,H,78,75,3,29,35,47,-4,0.3157894736842105,35.0,41.0,-6.0,0.3448275862068966,29,17,-1,-1,0.0,27.0,65.0,-38.0,0.13793103448275862,0,0,0,0,0,0,1,1,0.2,0.0,18,48,-3,0.3157894736842105,0.20689655172413796,32.0
2019-03-09,Huddersfield,Bournemouth,0.0,2.0,A,74,77,-3,29,14,37,-30,0.2368421052631579,15.0,51.0,-36.0,0.10344827586206896,29,34,44,-16,0.2894736842105263,39.0,54.0,-15.0,0.3448275862068966,0,0,0,0,0,0,0,0,0.2,0.0,-20,-7,-14,-0.05263157894736842,-0.24137931034482762,-21.0
2019-03-09,Cardiff,West Ham,2.0,0.0,H,73,79,-6,29,25,-1,-1,0.0,25.0,57.0,-32.0,0.2413793103448276,29,39,42,-20,0.2631578947368421,37.0,41.0,-4.0,0.3793103448275862,0,0,1,0,0,0,0,0,0.4,0.4,-14,-43,19,-0.2631578947368421,-0.1379310344827586,-28.0
2019-03-09,Southampton,Tottenham,2.0,1.0,H,76,83,-7,29,27,36,-19,0.18421052631578946,32.0,49.0,-17.0,0.20689655172413793,29,61,77,38,0.6052631578947368,56.0,30.0,26.0,0.6896551724137931,0,0,0,0,0,0,0,0,0.2,0.4,-34,-41,-57,-0.42105263157894735,-0.48275862068965525,-43.0
2019-03-09,Man City,Watford,3.0,1.0,H,85,77,8,29,71,100,79,0.8421052631578947,76.0,20.0,56.0,0.7931034482758621,29,43,41,-20,0.2894736842105263,41.0,41.0,0.0,0.41379310344827586,1,1,0,0,0,0,0,0,1.0,0.6,28,59,99,0.5526315789473684,0.37931034482758624,56.0
2019-03-10,Liverpool,Burnley,4.0,2.0,H,83,77,6,29,70,75,46,0.5526315789473685,64.0,15.0,49.0,0.7241379310344828,29,30,54,-3,0.3684210526315789,32.0,53.0,-21.0,0.27586206896551724,0,0,0,0,0,0,0,0,0.4,0.4,40,21,49,0.18421052631578955,0.4482758620689655,70.0
2019-03-10,Chelsea,Wolves,1.0,1.0,D,83,77,6,28,56,70,24,0.5526315789473685,49.0,30.0,19.0,0.6071428571428571,29,43,-1,-1,0.0,37.0,35.0,2.0,0.41379310344827586,0,0,0,0,0,0,0,0,0.6,0.4,13,71,25,0.5526315789473685,0.19334975369458124,17.0
2019-03-10,Arsenal,Man United,2.0,0.0,H,82,82,0,29,57,63,23,0.5,61.0,39.0,22.0,0.5862068965517241,29,58,81,40,0.6578947368421053,58.0,38.0,20.0,0.5862068965517241,0,0,0,0,0,0,0,0,0.6,0.8,-1,-18,-17,-0.1578947368421053,0.0,2.0
2019-03-16,Burnley,Leicester,1.0,2.0,A,77,78,-1,30,30,54,-3,0.3684210526315789,34.0,57.0,-23.0,0.26666666666666666,30,38,47,-4,0.3157894736842105,38.0,42.0,-4.0,0.36666666666666664,0,0,1,0,0,0,0,0,0.4,0.4,-8,7,1,0.05263157894736842,-0.09999999999999998,-19.0
2019-03-16,West Ham,Huddersfield,4.0,3.0,H,79,74,5,30,39,42,-20,0.2631578947368421,37.0,43.0,-6.0,0.36666666666666664,30,14,37,-30,0.2368421052631579,15.0,53.0,-38.0,0.1,0,0,0,0,0,0,0,0,0.4,0.2,25,5,10,0.02631578947368418,0.2666666666666666,32.0
2019-03-16,Bournemouth,Newcastle,2.0,2.0,D,77,77,0,30,37,44,-16,0.2894736842105263,41.0,54.0,-13.0,0.36666666666666664,30,34,44,-8,0.3157894736842105,29.0,38.0,-9.0,0.3,0,0,0,0,0,0,0,0,0.2,0.6,3,0,-8,-0.02631578947368418,0.06666666666666665,-4.0
2019-03-17,Fulham,Liverpool,1.0,2.0,A,75,83,-8,30,17,-1,-1,0.0,28.0,68.0,-40.0,0.13333333333333333,30,73,75,46,0.5526315789473685,68.0,17.0,51.0,0.7333333333333333,0,0,1,1,0,0,0,0,0.0,0.6,-56,-76,-47,-0.5526315789473685,-0.6,-91.0
2019-03-17,Everton,Chelsea,2.0,0.0,H,79,83,-4,30,37,49,-14,0.34210526315789475,41.0,42.0,-1.0,0.3333333333333333,29,57,70,24,0.5526315789473685,50.0,31.0,19.0,0.5862068965517241,0,0,0,0,0,0,0,0,0.2,0.6,-20,-21,-38,-0.21052631578947373,-0.2528735632183908,-20.0
2019-03-30,Fulham,Man City,0.0,2.0,A,75,85,-10,31,17,-1,-1,0.0,29.0,70.0,-41.0,0.12903225806451613,30,74,100,79,0.8421052631578947,79.0,21.0,58.0,0.8,0,0,1,1,1,1,0,0,0.0,1.0,-57,-101,-80,-0.8421052631578947,-0.6709677419354839,-99.0
2019-03-30,Man United,Watford,2.0,1.0,H,82,77,5,30,58,81,40,0.6578947368421053,58.0,40.0,18.0,0.5666666666666667,30,43,41,-20,0.2894736842105263,42.0,44.0,-2.0,0.4,0,0,0,0,0,0,0,0,0.6,0.6,15,40,60,0.368421052631579,0.16666666666666663,20.0
2019-03-30,Leicester,Bournemouth,2.0,0.0,H,78,77,1,31,41,47,-4,0.3157894736842105,40.0,43.0,-3.0,0.3870967741935484,31,38,44,-16,0.2894736842105263,43.0,56.0,-13.0,0.3548387096774194,0,0,0,0,0,0,0,0,0.6,0.2,3,3,12,0.02631578947368418,0.032258064516129004,10.0
2019-03-30,Burnley,Wolves,2.0,0.0,H,77,77,0,31,30,54,-3,0.3684210526315789,35.0,59.0,-24.0,0.25806451612903225,30,44,-1,-1,0.0,38.0,36.0,2.0,0.4,0,0,1,0,0,0,0,0,0.2,0.2,-14,55,-2,0.3684210526315789,-0.14193548387096777,-26.0
2019-03-30,Crystal Palace,Huddersfield,2.0,0.0,H,77,74,3,30,33,44,-10,0.2894736842105263,36.0,41.0,-5.0,0.3,31,14,37,-30,0.2368421052631579,18.0,57.0,-39.0,0.0967741935483871,0,0,0,0,0,0,1,0,0.4,0.2,19,7,20,0.05263157894736842,0.2032258064516129,34.0
2019-03-30,Brighton,Southampton,0.0,1.0,A,76,76,0,29,33,40,-20,0.2368421052631579,32.0,42.0,-10.0,0.3103448275862069,30,30,36,-19,0.18421052631578946,34.0,50.0,-16.0,0.23333333333333334,0,0,0,0,0,0,0,0,0.4,0.4,3,4,-1,0.052631578947368446,0.07701149425287357,6.0
2019-03-30,West Ham,Everton,0.0,2.0,A,79,79,0,31,42,42,-20,0.2631578947368421,41.0,46.0,-5.0,0.3870967741935484,31,40,49,-14,0.34210526315789475,43.0,42.0,1.0,0.3548387096774194,0,0,0,0,0,0,0,0,0.6,0.4,2,-7,-6,-0.07894736842105265,0.032258064516129004,-6.0
2019-03-31,Cardiff,Chelsea,1.0,2.0,A,73,83,-10,30,28,-1,-1,0.0,27.0,57.0,-30.0,0.26666666666666666,30,57,70,24,0.5526315789473685,50.0,33.0,17.0,0.5666666666666667,0,0,0,0,0,0,0,0,0.4,0.4,-29,-71,-25,-0.5526315789473685,-0.3,-47.0
2019-03-31,Liverpool,Tottenham,2.0,1.0,H,83,83,0,31,76,75,46,0.5526315789473685,70.0,18.0,52.0,0.7419354838709677,30,61,77,38,0.6052631578947368,57.0,32.0,25.0,0.6666666666666666,0,0,0,0,0,0,0,0,0.6,0.2,15,-2,8,-0.05263157894736836,0.07526881720430112,27.0
2019-04-01,Arsenal,Newcastle,2.0,0.0,H,82,77,5,30,60,63,23,0.5,63.0,39.0,24.0,0.6,31,35,44,-8,0.3157894736842105,31.0,40.0,-9.0,0.2903225806451613,0,0,0,0,0,0,0,0,0.8,0.6,25,19,31,0.1842105263157895,0.30967741935483867,33.0
2019-04-02,Wolves,Man United,2.0,1.0,H,77,82,-5,31,44,-1,-1,0.0,38.0,38.0,0.0,0.3870967741935484,31,61,81,40,0.6578947368421053,60.0,41.0,19.0,0.5806451612903226,0,0,0,0,0,0,0,0,0.2,0.6,-17,-82,-41,-0.6578947368421053,-0.19354838709677424,-19.0
2019-04-02,Watford,Fulham,4.0,1.0,H,77,75,2,31,43,41,-20,0.2894736842105263,43.0,46.0,-3.0,0.3870967741935484,32,17,-1,-1,0.0,29.0,72.0,-43.0,0.125,0,0,0,0,0,0,1,1,0.4,0.0,26,42,-19,0.2894736842105263,0.2620967741935484,40.0
2019-04-03,Chelsea,Brighton,3.0,0.0,H,83,76,7,31,60,70,24,0.5526315789473685,52.0,34.0,18.0,0.5806451612903226,30,33,40,-20,0.2368421052631579,32.0,43.0,-11.0,0.3,0,0,0,0,0,0,0,0,0.6,0.4,27,30,44,0.31578947368421056,0.28064516129032263,29.0
2019-04-03,Tottenham,Crystal Palace,2.0,0.0,H,83,77,6,31,61,77,38,0.6052631578947368,58.0,34.0,24.0,0.6451612903225806,31,36,44,-10,0.2894736842105263,38.0,41.0,-3.0,0.3225806451612903,0,0,0,0,0,0,0,0,0.0,0.6,25,33,48,0.3157894736842105,0.3225806451612903,27.0
2019-04-03,Man City,Cardiff,2.0,0.0,H,85,73,12,31,77,100,79,0.8421052631578947,81.0,21.0,60.0,0.8064516129032258,31,28,-1,-1,0.0,28.0,59.0,-31.0,0.25806451612903225,1,1,0,0,0,0,0,0,1.0,0.2,49,101,80,0.8421052631578947,0.5483870967741935,91.0
2019-04-05,Southampton,Liverpool,1.0,3.0,A,76,83,-7,31,33,36,-19,0.18421052631578946,35.0,50.0,-15.0,0.25806451612903225,32,79,75,46,0.5526315789473685,72.0,19.0,53.0,0.75,0,0,0,0,1,0,0,0,0.6,0.8,-46,-39,-65,-0.368421052631579,-0.49193548387096775,-68.0
2019-04-06,Newcastle,Crystal Palace,0.0,1.0,A,77,77,0,32,35,44,-8,0.3157894736842105,31.0,42.0,-11.0,0.28125,32,36,44,-10,0.2894736842105263,38.0,43.0,-5.0,0.3125,0,0,0,0,0,0,0,0,0.4,0.4,-1,0,2,0.02631578947368418,-0.03125,-6.0
2019-04-06,Huddersfield,Leicester,1.0,4.0,A,74,78,-4,32,14,37,-30,0.2368421052631579,18.0,59.0,-41.0,0.09375,32,44,47,-4,0.3157894736842105,42.0,43.0,-1.0,0.40625,0,0,1,0,1,0,0,0,0.2,0.8,-30,-10,-26,-0.0789473684210526,-0.3125,-40.0
2019-04-06,Bournemouth,Burnley,1.0,3.0,A,77,77,0,32,38,44,-16,0.2894736842105263,43.0,58.0,-15.0,0.34375,32,33,54,-3,0.3684210526315789,37.0,59.0,-22.0,0.28125,0,0,0,0,0,0,0,0,0.2,0.2,5,-10,-13,-0.0789473684210526,0.0625,7.0
2019-04-07,Everton,Arsenal,1.0,0.0,H,79,82,-3,32,43,49,-14,0.34210526315789475,45.0,42.0,3.0,0.375,31,63,63,23,0.5,65.0,39.0,26.0,0.6129032258064516,0,0,0,0,0,0,0,0,0.6,0.8,-20,-14,-37,-0.15789473684210525,-0.23790322580645162,-23.0
2019-04-08,Chelsea,West Ham,2.0,0.0,H,83,79,4,32,63,70,24,0.5526315789473685,55.0,34.0,21.0,0.59375,32,42,42,-20,0.2631578947368421,41.0,48.0,-7.0,0.375,0,0,0,0,0,0,0,0,0.6,0.4,21,28,44,0.2894736842105264,0.21875,28.0
2019-04-12,Leicester,Newcastle,0.0,1.0,A,78,77,1,33,47,47,-4,0.3157894736842105,46.0,44.0,2.0,0.42424242424242425,33,35,44,-8,0.3157894736842105,31.0,43.0,-12.0,0.2727272727272727,1,0,0,0,0,0,0,0,0.8,0.2,12,3,4,0.0,0.15151515151515155,14.0
2019-04-13,Tottenham,Huddersfield,4.0,0.0,H,83,74,9,32,64,77,38,0.6052631578947368,60.0,34.0,26.0,0.65625,33,14,37,-30,0.2368421052631579,19.0,63.0,-44.0,0.09090909090909091,0,0,0,0,0,0,1,1,0.2,0.0,50,40,68,0.3684210526315789,0.5653409090909091,70.0
2019-04-13,Fulham,Everton,2.0,0.0,H,75,79,-4,33,17,-1,-1,0.0,30.0,76.0,-46.0,0.12121212121212122,33,46,49,-14,0.34210526315789475,46.0,42.0,4.0,0.3939393939393939,0,0,1,1,1,0,0,0,0.0,0.6,-29,-50,13,-0.34210526315789475,-0.2727272727272727,-50.0
2019-04-13,Burnley,Cardiff,2.0,0.0,H,77,73,4,33,36,54,-3,0.3684210526315789,40.0,60.0,-20.0,0.30303030303030304,32,28,-1,-1,0.0,28.0,61.0,-33.0,0.25,0,0,0,0,0,0,0,0,0.4,0.2,8,55,-2,0.3684210526315789,0.05303030303030304,13.0
2019-04-13,Southampton,Wolves,3.0,1.0,H,76,77,-1,32,33,36,-19,0.18421052631578946,36.0,53.0,-17.0,0.25,32,47,-1,-1,0.0,40.0,39.0,1.0,0.40625,0,0,0,0,0,0,0,0,0.6,0.4,-14,37,-18,0.18421052631578946,-0.15625,-18.0
2019-04-13,Brighton,Bournemouth,0.0,5.0,A,76,77,-1,31,33,40,-20,0.2368421052631579,32.0,46.0,-14.0,0.2903225806451613,33,38,44,-16,0.2894736842105263,44.0,61.0,-17.0,0.3333333333333333,0,0,0,0,0,0,0,0,0.4,0.2,-5,-4,-4,-0.05263157894736842,-0.043010752688172005,3.0
2019-04-13,Man United,West Ham,2.0,1.0,H,82,79,3,32,61,81,40,0.6578947368421053,61.0,43.0,18.0,0.5625,33,42,42,-20,0.2631578947368421,41.0,50.0,-9.0,0.36363636363636365,0,0,0,0,0,0,0,0,0.6,0.4,19,39,60,0.3947368421052632,0.19886363636363635,27.0
2019-04-14,Crystal Palace,Man City,1.0,3.0,A,77,85,-8,33,39,44,-10,0.2894736842105263,39.0,43.0,-4.0,0.3333333333333333,32,80,100,79,0.8421052631578947,83.0,21.0,62.0,0.8125,0,0,0,0,1,1,0,0,0.6,1.0,-41,-56,-89,-0.5526315789473684,-0.4791666666666667,-66.0
2019-04-14,Liverpool,Chelsea,2.0,0.0,H,83,83,0,33,82,75,46,0.5526315789473685,75.0,20.0,55.0,0.7575757575757576,33,66,70,24,0.5526315789473685,57.0,34.0,23.0,0.6060606060606061,1,0,0,0,1,0,0,0,0.8,0.6,16,5,22,0.0,0.1515151515151515,32.0
2019-04-15,Watford,Arsenal,0.0,1.0,A,77,82,-5,32,46,41,-20,0.2894736842105263,47.0,47.0,0.0,0.40625,32,63,63,23,0.5,65.0,40.0,25.0,0.59375,0,0,0,0,0,0,0,0,0.4,0.6,-17,-22,-43,-0.21052631578947367,-0.1875,-25.0
2019-04-16,Brighton,Cardiff,0.0,2.0,A,76,73,3,32,33,40,-20,0.2368421052631579,32.0,51.0,-19.0,0.28125,33,28,-1,-1,0.0,28.0,63.0,-35.0,0.24242424242424243,0,0,1,0,0,0,1,0,0.4,0.2,5,41,-19,0.2368421052631579,0.03882575757575757,16.0
2019-04-20,Man City,Tottenham,1.0,0.0,H,85,83,2,33,83,100,79,0.8421052631578947,86.0,22.0,64.0,0.8181818181818182,33,67,77,38,0.6052631578947368,64.0,34.0,30.0,0.6666666666666666,1,1,0,0,0,0,0,0,1.0,0.4,16,23,41,0.23684210526315785,0.1515151515151516,34.0
2019-04-20,Wolves,Brighton,0.0,0.0,D,77,76,1,33,47,-1,-1,0.0,41.0,42.0,-1.0,0.3939393939393939,33,33,40,-20,0.2368421052631579,32.0,53.0,-21.0,0.2727272727272727,0,0,0,0,0,0,1,0,0.4,0.2,14,-41,19,-0.2368421052631579,0.12121212121212122,20.0
2019-04-20,Huddersfield,Watford,1.0,2.0,A,74,77,-3,34,14,37,-30,0.2368421052631579,19.0,67.0,-48.0,0.08823529411764706,33,46,41,-20,0.2894736842105263,47.0,48.0,-1.0,0.3939393939393939,0,0,1,1,0,0,0,0,0.0,0.4,-32,-4,-10,-0.05263157894736842,-0.30570409982174684,-47.0
2019-04-20,West Ham,Leicester,2.0,2.0,D,79,78,1,34,42,42,-20,0.2631578947368421,42.0,52.0,-10.0,0.35294117647058826,34,47,47,-4,0.3157894736842105,46.0,45.0,1.0,0.4117647058823529,0,0,1,0,0,0,0,0,0.2,0.8,-5,-5,-16,-0.05263157894736842,-0.05882352941176466,-11.0
2019-04-20,Bournemouth,Fulham,0.0,1.0,A,77,75,2,34,41,44,-16,0.2894736842105263,49.0,61.0,-12.0,0.35294117647058826,34,20,-1,-1,0.0,32.0,76.0,-44.0,0.14705882352941177,0,0,0,0,0,0,0,0,0.4,0.2,21,45,-15,0.2894736842105263,0.2058823529411765,32.0
2019-04-20,Newcastle,Southampton,3.0,1.0,H,77,76,1,34,38,44,-8,0.3157894736842105,32.0,43.0,-11.0,0.29411764705882354,33,36,36,-19,0.18421052631578946,39.0,54.0,-15.0,0.2727272727272727,0,0,0,0,0,0,0,0,0.4,0.6,2,8,11,0.13157894736842105,0.021390374331550832,4.0
2019-04-21,Everton,Man United,4.0,0.0,H,79,82,-3,34,46,49,-14,0.34210526315789475,46.0,44.0,2.0,0.38235294117647056,33,64,81,40,0.6578947368421053,63.0,44.0,19.0,0.5757575757575758,0,0,0,0,0,0,0,0,0.6,0.6,-18,-32,-54,-0.31578947368421056,-0.19340463458110524,-17.0
2019-04-21,Arsenal,Crystal Palace,2.0,3.0,A,82,77,5,33,66,63,23,0.5,66.0,40.0,26.0,0.6060606060606061,34,39,44,-10,0.2894736842105263,40.0,46.0,-6.0,0.3235294117647059,0,0,0,0,0,0,0,0,0.6,0.4,27,19,33,0.21052631578947367,0.2825311942959002,32.0
2019-04-21,Cardiff,Liverpool,0.0,2.0,A,73,83,-10,34,31,-1,-1,0.0,30.0,63.0,-33.0,0.2647058823529412,34,85,75,46,0.5526315789473685,77.0,20.0,57.0,0.7647058823529411,0,0,0,0,1,1,0,0,0.4,1.0,-54,-76,-47,-0.5526315789473685,-0.49999999999999994,-90.0
2019-04-22,Chelsea,Burnley,2.0,2.0,D,83,77,6,34,66,70,24,0.5526315789473685,57.0,36.0,21.0,0.5882352941176471,34,39,54,-3,0.3684210526315789,42.0,60.0,-18.0,0.3235294117647059,0,0,0,0,1,0,0,0,0.6,0.6,27,16,27,0.18421052631578955,0.2647058823529412,39.0
2019-04-23,Watford,Southampton,1.0,1.0,D,77,76,1,34,49,41,-20,0.2894736842105263,49.0,49.0,0.0,0.4117647058823529,34,36,36,-19,0.18421052631578946,40.0,57.0,-17.0,0.2647058823529412,0,0,0,0,0,0,0,0,0.4,0.6,13,5,-1,0.10526315789473686,0.14705882352941174,17.0
2019-04-23,Tottenham,Brighton,1.0,0.0,H,83,76,7,34,67,77,38,0.6052631578947368,64.0,35.0,29.0,0.6470588235294118,34,34,40,-20,0.2368421052631579,32.0,53.0,-21.0,0.2647058823529412,0,0,0,0,0,0,0,0,0.4,0.0,33,37,58,0.3684210526315789,0.3823529411764706,50.0
2019-04-24,Wolves,Arsenal,3.0,1.0,H,77,82,-5,34,48,-1,-1,0.0,41.0,42.0,-1.0,0.38235294117647056,34,66,63,23,0.5,68.0,43.0,25.0,0.5882352941176471,0,0,0,0,0,0,0,0,0.2,0.6,-18,-64,-24,-0.5,-0.20588235294117652,-26.0
2019-04-24,Man United,Man City,0.0,2.0,A,82,85,-3,34,64,81,40,0.6578947368421053,63.0,48.0,15.0,0.5588235294117647,34,86,100,79,0.8421052631578947,87.0,22.0,65.0,0.8235294117647058,0,0,0,0,1,1,0,0,0.4,1.0,-22,-19,-39,-0.18421052631578938,-0.2647058823529411,-50.0
2019-04-26,Liverpool,Huddersfield,5.0,0.0,H,83,74,9,35,88,75,46,0.5526315789473685,79.0,20.0,59.0,0.7714285714285715,35,14,37,-30,0.2368421052631579,20.0,69.0,-49.0,0.08571428571428572,1,1,0,0,0,0,1,1,1.0,0.0,74,38,76,0.31578947368421056,0.6857142857142857,108.0
2019-04-27,Tottenham,West Ham,0.0,1.0,A,83,79,4,35,70,77,38,0.6052631578947368,65.0,35.0,30.0,0.6571428571428571,35,43,42,-20,0.2631578947368421,44.0,54.0,-10.0,0.34285714285714286,0,0,0,0,0,0,0,0,0.6,0.2,27,35,58,0.34210526315789475,0.3142857142857143,40.0
2019-04-27,Fulham,Cardiff,1.0,0.0,H,75,73,2,35,23,-1,-1,0.0,33.0,76.0,-43.0,0.17142857142857143,35,31,-1,-1,0.0,30.0,65.0,-35.0,0.2571428571428571,0,0,0,0,0,0,0,0,0.4,0.2,-8,0,0,0.0,-0.08571428571428569,-8.0
2019-04-27,Southampton,Bournemouth,3.0,3.0,D,76,77,-1,35,37,36,-19,0.18421052631578946,41.0,58.0,-17.0,0.2571428571428571,35,41,44,-16,0.2894736842105263,49.0,62.0,-13.0,0.34285714285714286,0,0,0,0,0,0,0,0,0.4,0.2,-4,-8,-3,-0.10526315789473686,-0.08571428571428574,-4.0
2019-04-27,Crystal Palace,Everton,0.0,0.0,D,77,79,-2,35,42,44,-10,0.2894736842105263,43.0,48.0,-5.0,0.34285714285714286,35,49,49,-14,0.34210526315789475,50.0,44.0,6.0,0.4,0,0,0,0,0,0,0,0,0.6,0.8,-7,-5,4,-0.05263157894736842,-0.05714285714285716,-11.0
2019-04-27,Watford,Wolves,1.0,2.0,A,77,77,0,35,50,41,-20,0.2894736842105263,50.0,50.0,0.0,0.4,35,51,-1,-1,0.0,44.0,43.0,1.0,0.4,0,0,0,0,0,0,0,0,0.4,0.4,-1,42,-19,0.2894736842105263,0.0,-1.0
2019-04-27,Brighton,Newcastle,1.0,1.0,D,76,77,-1,35,34,40,-20,0.2368421052631579,32.0,54.0,-22.0,0.2571428571428571,35,41,44,-8,0.3157894736842105,35.0,44.0,-9.0,0.3142857142857143,0,0,0,0,0,0,0,0,0.0,0.4,-7,-4,-12,-0.0789473684210526,-0.05714285714285716,-13.0
2019-04-28,Leicester,Arsenal,3.0,0.0,H,78,82,-4,35,48,47,-4,0.3157894736842105,48.0,47.0,1.0,0.4,35,66,63,23,0.5,69.0,46.0,23.0,0.5714285714285714,0,0,0,0,0,0,0,0,0.6,0.4,-18,-16,-27,-0.1842105263157895,-0.17142857142857137,-22.0
2019-04-28,Burnley,Man City,0.0,1.0,A,77,85,-8,35,40,54,-3,0.3684210526315789,44.0,62.0,-18.0,0.3142857142857143,35,89,100,79,0.8421052631578947,89.0,22.0,67.0,0.8285714285714286,0,0,0,0,1,1,0,0,0.6,1.0,-49,-46,-82,-0.47368421052631576,-0.5142857142857143,-85.0
2019-04-28,Man United,Chelsea,1.0,1.0,D,82,83,-1,35,64,81,40,0.6578947368421053,63.0,50.0,13.0,0.5428571428571428,35,67,70,24,0.5526315789473685,59.0,38.0,21.0,0.5714285714285714,0,0,0,0,0,0,0,0,0.4,0.6,-3,11,16,0.10526315789473684,-0.02857142857142858,-8.0
2019-05-03,Everton,Burnley,2.0,0.0,H,79,77,2,36,50,49,-14,0.34210526315789475,50.0,44.0,6.0,0.3888888888888889,36,40,54,-3,0.3684210526315789,44.0,63.0,-19.0,0.3055555555555556,0,0,0,0,0,0,0,0,0.6,0.6,10,-5,-11,-0.02631578947368418,0.08333333333333331,25.0
2019-05-04,Bournemouth,Tottenham,1.0,0.0,H,77,83,-6,36,42,44,-16,0.2894736842105263,52.0,65.0,-13.0,0.3333333333333333,36,70,77,38,0.6052631578947368,65.0,36.0,29.0,0.6388888888888888,0,0,0,0,0,0,0,0,0.2,0.6,-28,-33,-54,-0.3157894736842105,-0.3055555555555555,-42.0
2019-05-04,Wolves,Fulham,0.0,0.0,H,77,75,2,36,54,-1,-1,0.0,46.0,44.0,2.0,0.4166666666666667,36,26,-1,-1,0.0,34.0,76.0,-42.0,0.19444444444444445,0,0,0,0,1,0,0,0,0.6,0.6,28,0,0,0.0,0.22222222222222224,44.0
2019-05-04,West Ham,Southampton,0.0,0.0,H,79,76,3,36,46,42,-20,0.2631578947368421,45.0,54.0,-9.0,0.3611111111111111,36,38,36,-19,0.18421052631578946,44.0,61.0,-17.0,0.25,0,0,0,0,0,0,0,0,0.2,0.2,8,6,-1,0.07894736842105263,0.1111111111111111,8.0
2019-05-04,Cardiff,Crystal Palace,0.0,0.0,A,73,77,-4,36,31,-1,-1,0.0,30.0,66.0,-36.0,0.25,36,43,44,-10,0.2894736842105263,43.0,48.0,-5.0,0.3333333333333333,0,0,0,0,0,0,0,0,0.2,0.4,-12,-45,9,-0.2894736842105263,-0.08333333333333331,-31.0
2019-05-04,Newcastle,Liverpool,0.0,0.0,A,77,83,-6,36,42,44,-8,0.3157894736842105,36.0,45.0,-9.0,0.3055555555555556,36,91,75,46,0.5526315789473685,84.0,20.0,64.0,0.7777777777777778,0,0,0,0,1,1,0,0,0.4,1.0,-49,-31,-54,-0.23684210526315796,-0.4722222222222222,-73.0
2019-05-05,Chelsea,Watford,0.0,0.0,H,83,77,6,36,68,70,24,0.5526315789473685,60.0,39.0,21.0,0.5555555555555556,36,50,41,-20,0.2894736842105263,51.0,52.0,-1.0,0.3888888888888889,0,0,0,0,0,0,0,0,0.4,0.4,18,29,44,0.26315789473684215,0.16666666666666669,22.0
2019-05-05,Huddersfield,Man United,0.0,0.0,A,74,82,-8,36,14,37,-30,0.2368421052631579,20.0,74.0,-54.0,0.08333333333333333,36,65,81,40,0.6578947368421053,64.0,51.0,13.0,0.5277777777777778,0,0,1,1,0,0,0,0,0.0,0.2,-51,-44,-70,-0.4210526315789474,-0.4444444444444445,-67.0
2019-05-05,Arsenal,Brighton,0.0,0.0,H,82,76,6,36,66,63,23,0.5,69.0,49.0,20.0,0.5555555555555556,36,35,40,-20,0.2368421052631579,33.0,55.0,-22.0,0.25,0,0,1,0,0,0,0,0,0.2,0.0,31,23,43,0.2631578947368421,0.3055555555555556,42.0
2019-05-06,Man City,Leicester,0.0,0.0,H,85,78,7,36,92,100,79,0.8421052631578947,90.0,22.0,68.0,0.8333333333333334,36,51,47,-4,0.3157894736842105,51.0,47.0,4.0,0.4166666666666667,1,1,0,0,0,0,0,0,1.0,0.6,41,53,83,0.5263157894736842,0.4166666666666667,64.0
2019-05-12,Fulham,Newcastle,0.0,0.0,A,75,77,-2,37,26,-1,-1,0.0,34.0,76.0,-42.0,0.1891891891891892,37,42,44,-8,0.3157894736842105,36.0,45.0,-9.0,0.2972972972972973,0,0,0,0,0,0,0,0,0.6,0.4,-16,-45,7,-0.3157894736842105,-0.10810810810810811,-33.0
2019-05-12,Liverpool,Wolves,0.0,0.0,H,83,77,6,37,94,75,46,0.5526315789473685,84.0,20.0,64.0,0.7837837837837838,37,57,-1,-1,0.0,46.0,44.0,2.0,0.43243243243243246,1,1,0,0,1,0,0,0,1.0,0.6,37,76,47,0.5526315789473685,0.3513513513513513,62.0
2019-05-12,Tottenham,Everton,0.0,0.0,H,83,79,4,37,70,77,38,0.6052631578947368,65.0,37.0,28.0,0.6216216216216216,37,53,49,-14,0.34210526315789475,52.0,44.0,8.0,0.40540540540540543,0,0,0,0,0,0,0,0,0.4,0.6,17,28,52,0.2631578947368421,0.21621621621621617,20.0
2019-05-12,Man United,Cardiff,0.0,0.0,H,82,73,9,37,68,81,40,0.6578947368421053,64.0,51.0,13.0,0.5405405405405406,37,31,-1,-1,0.0,30.0,66.0,-36.0,0.24324324324324326,0,0,0,0,0,0,1,0,0.4,0.2,37,82,41,0.6578947368421053,0.2972972972972973,49.0
2019-05-12,Leicester,Chelsea,0.0,0.0,H,78,83,-5,37,51,47,-4,0.3157894736842105,51.0,47.0,4.0,0.40540540540540543,37,71,70,24,0.5526315789473685,60.0,39.0,21.0,0.5675675675675675,0,0,0,0,0,0,0,0,0.4,0.4,-20,-23,-28,-0.23684210526315796,-0.16216216216216212,-17.0
2019-05-12,Burnley,Arsenal,0.0,0.0,A,77,82,-5,37,40,54,-3,0.3684210526315789,44.0,65.0,-21.0,0.2972972972972973,37,69,63,23,0.5,69.0,49.0,20.0,0.5675675675675675,0,0,0,0,0,0,0,0,0.4,0.4,-29,-9,-26,-0.13157894736842107,-0.27027027027027023,-41.0
2019-05-12,Southampton,Huddersfield,0.0,0.0,H,76,74,2,37,38,36,-19,0.18421052631578946,44.0,61.0,-17.0,0.24324324324324326,37,14,37,-30,0.2368421052631579,20.0,74.0,-54.0,0.08108108108108109,0,0,0,0,0,0,1,1,0.2,0.0,24,-1,11,-0.052631578947368446,0.16216216216216217,37.0
2019-05-12,Crystal Palace,Bournemouth,0.0,0.0,H,77,77,0,37,46,44,-10,0.2894736842105263,43.0,48.0,-5.0,0.35135135135135137,37,45,44,-16,0.2894736842105263,53.0,65.0,-12.0,0.35135135135135137,0,0,0,0,0,0,0,0,0.6,0.4,1,0,6,0.0,0.0,7.0
2019-05-12,Brighton,Man City,0.0,0.0,A,76,85,-9,37,35,40,-20,0.2368421052631579,33.0,55.0,-22.0,0.24324324324324326,37,95,100,79,0.8421052631578947,90.0,22.0,68.0,0.8378378378378378,0,0,0,0,1,1,0,0,0.0,1.0,-60,-60,-99,-0.6052631578947367,-0.5945945945945945,-90.0
2019-05-12,Watford,West Ham,0.0,0.0,H,77,79,-2,37,50,41,-20,0.2894736842105263,51.0,52.0,-1.0,0.3783783783783784,37,49,42,-20,0.2631578947368421,45.0,54.0,-9.0,0.3783783783783784,0,0,0,0,0,0,0,0,0.2,0.4,1,-1,0,0.026315789473684237,0.0,8.0
